company_id,name,sector,country,co2_emissions,co2_emissions_threshold,co2_emissions_compliance,energy_consumption_mwh,energy_consumption_mwh_threshold,energy_consumption_mwh_compliance,%_renewable_energy,%_renewable_energy_threshold,%_renewable_energy_compliance,waste_generated_tons,waste_generated_tons_threshold,waste_generated_tons_compliance,water_withdrawal_m3,water_withdrawal_m3_threshold,water_withdrawal_m3_compliance,compliance_score,compliance_status
1,SAP,tech,Germany,40887.07,50000,1,106777.47,120000,1,15.38,20,0,4900.01,5000,1,131487.56,100000,0,0.6,Partially compliant
2,ASML,tech,Netherlands,35312.12,50000,1,101772.33,120000,1,17.95,20,0,5824.95,5000,0,80305.08,100000,1,0.6,Partially compliant
3,LVMH,retail,France,77199.17,70000,0,121700.68,150000,1,20.0,25,0,11680.81,10000,0,199909.73,200000,1,0.4,Partially compliant
4,Prosus,financial,Netherlands,19647.29,20000,1,72151.85,60000,0,25.34,20,1,1925.51,2000,1,49818.82,50000,1,0.8,Partially compliant
5,HermÃ¯Â¿Â½s,retail,France,65378.71,70000,1,127047.35,150000,1,15.8,25,0,8580.4,10000,1,216997.01,200000,0,0.6,Partially compliant
6,Novo Nordisk,biotech,Denmark,67181.23,80000,1,156504.25,180000,1,32.7,30,1,17244.5,20000,1,344797.57,300000,0,0.8,Partially compliant
7,Deutsche Telekom,tech,Germany,40625.62,50000,1,146883.81,120000,0,24.4,20,1,4644.02,5000,1,107400.26,100000,0,0.6,Partially compliant
8,Airbus,manufacturing,Netherlands,274460.32,300000,1,467253.29,500000,1,17.92,35,0,172084.13,150000,0,785229.03,800000,1,0.6,Partially compliant
9,Allianz SE,insurance,Germany,24084.7,25000,1,90535.43,70000,0,18.19,20,0,2332.58,2500,1,61482.84,60000,0,0.4,Partially compliant
10,Accenture,services,Ireland,32785.49,40000,1,112424.81,100000,0,12.65,20,0,5005.37,4000,0,94734.54,80000,0,0.2,Partially compliant
11,Inditex,retail,Spain,59348.2,70000,1,182339.74,150000,0,30.18,25,1,9602.2,10000,1,215612.05,200000,0,0.6,Partially compliant
12,Santander,bank,Spain,30276.2,30000,0,103348.61,90000,0,18.77,20,0,2786.97,3000,1,94159.9,70000,0,0.2,Partially compliant
13,Spotify,entertainment,Sweden,111363.48,100000,0,205252.68,200000,0,38.48,30,1,29016.13,30000,1,283051.75,250000,0,0.4,Partially compliant
14,Schneider Electric,services,France,42262.3,40000,0,116521.41,100000,0,13.08,20,0,4544.35,4000,0,103172.3,80000,0,0.0,Non compliant
15,TotalEnergies,energy,France,364662.9,500000,1,989742.23,1000000,1,31.23,50,0,255134.24,200000,0,1079091.35,1000000,0,0.4,Partially compliant
16,Iberdrola,energy,Spain,567359.22,500000,0,1295128.61,1000000,0,43.07,50,0,258659.06,200000,0,809389.2,1000000,1,0.2,Partially compliant
17,Sanofi,biotech,France,80967.1,80000,0,183433.14,180000,0,26.25,30,0,22525.87,20000,0,321207.47,300000,0,0.0,Non compliant
18,UniCredit,bank,Italy,26920.54,30000,1,84018.89,90000,1,14.44,20,0,2754.71,3000,1,64267.12,70000,1,0.8,Partially compliant
19,Intesa Sanpaolo,bank,Italy,30234.53,30000,0,89377.09,90000,1,15.73,20,0,3208.05,3000,0,92468.84,70000,0,0.2,Partially compliant
20,Banco Bilbao Vizcaya Argentaria,bank,Spain,22874.21,30000,1,89843.48,90000,1,18.46,20,0,2772.83,3000,1,94241.35,70000,0,0.6,Partially compliant
21,Dior,retail,France,56143.91,70000,1,185511.51,150000,0,19.14,25,0,12443.03,10000,0,213267.12,200000,0,0.2,Partially compliant
22,BNP Paribas,bank,France,29200.51,30000,1,85936.26,90000,1,17.6,20,0,2984.06,3000,1,87846.55,70000,0,0.6,Partially compliant
23,AXA,insurance,France,19690.24,25000,1,59384.28,70000,1,13.38,20,0,2746.57,2500,0,59566.11,60000,1,0.6,Partially compliant
24,Investor AB,financial,Sweden,15380.61,20000,1,68894.66,60000,0,19.73,20,0,2231.61,2000,0,59001.8,50000,0,0.2,Partially compliant
25,Enel,energy,Italy,356109.93,500000,1,1066687.12,1000000,0,54.61,50,1,188395.25,200000,1,855983.29,1000000,1,0.8,Partially compliant
26,Siemens Energy,energy,Germany,377137.5,500000,1,1235235.44,1000000,0,29.07,50,0,217098.63,200000,0,1047426.56,1000000,0,0.2,Partially compliant
27,Ferrari,manufacturing,Italy,349891.66,300000,0,529632.54,500000,0,21.43,35,0,189714.53,150000,0,785602.54,800000,1,0.2,Partially compliant
28,Munich RE (MÃ¯Â¿Â½nchener RÃ¯Â¿Â½ck),insurance,Germany,26786.8,25000,0,74962.91,70000,0,24.42,20,1,3083.08,2500,0,63814.29,60000,0,0.2,Partially compliant
29,Atlas Copco,manufacturing,Sweden,251467.95,300000,1,649674.63,500000,0,27.28,35,0,125563.28,150000,1,982314.4,800000,0,0.4,Partially compliant
30,ING,bank,Netherlands,22087.05,30000,1,99306.7,90000,0,22.01,20,1,3646.46,3000,0,80436.11,70000,0,0.4,Partially compliant
31,Deutsche Bank,bank,Germany,24396.87,30000,1,82260.32,90000,1,17.41,20,0,2901.84,3000,1,59345.66,70000,1,0.8,Partially compliant
32,CaixaBank,bank,Spain,35615.35,30000,0,75940.25,90000,1,25.9,20,1,3356.17,3000,0,72842.68,70000,0,0.4,Partially compliant
33,BMW,manufacturing,Germany,280960.23,300000,1,428108.36,500000,1,25.0,35,0,172752.91,150000,0,849053.78,800000,0,0.4,Partially compliant
34,Volvo Group,manufacturing,Sweden,275935.09,300000,1,498876.91,500000,1,31.33,35,0,132083.53,150000,1,942701.94,800000,0,0.6,Partially compliant
35,Siemens Healthineers,healthcare,Germany,125652.71,120000,0,235021.19,250000,1,27.12,30,0,63930.54,50000,0,432894.32,400000,0,0.2,Partially compliant
36,Mercedes-Benz,manufacturing,Germany,275467.12,300000,1,624731.51,500000,0,25.32,35,0,175934.46,150000,0,795988.84,800000,1,0.4,Partially compliant
37,NXP Semiconductors,tech,Netherlands,58157.15,50000,0,98830.59,120000,1,21.19,20,1,6385.87,5000,0,123551.11,100000,0,0.4,Partially compliant
38,Generali,insurance,Italy,18585.8,25000,1,85429.16,70000,0,10.64,20,0,2216.28,2500,1,61585.45,60000,0,0.4,Partially compliant
39,Volkswagen,manufacturing,Germany,312397.55,300000,0,626293.12,500000,0,41.52,35,1,160214.31,150000,0,703029.78,800000,1,0.4,Partially compliant
40,CrÃ¯Â¿Â½dit Agricole,bank,France,35177.7,30000,0,84450.47,90000,1,18.42,20,0,2786.0,3000,1,58825.8,70000,1,0.6,Partially compliant
41,Infineon,tech,Germany,40269.97,50000,1,134812.11,120000,0,16.58,20,0,5009.29,5000,0,120359.01,100000,0,0.2,Partially compliant
42,Flutter Entertainment,entertainment,Ireland,93337.58,100000,1,254614.59,200000,0,20.47,30,0,26228.29,30000,1,310924.92,250000,0,0.4,Partially compliant
43,Compagnie de Saint-Gobain,manufacturing,France,355202.61,300000,0,549898.11,500000,0,27.74,35,0,164329.42,150000,0,916392.97,800000,0,0.0,Non compliant
44,Deutsche BÃ¯Â¿Â½rse,financial,Germany,18519.11,20000,1,74022.35,60000,0,13.44,20,0,1609.52,2000,1,46938.94,50000,1,0.6,Partially compliant
45,Danone,food,France,233614.63,200000,0,349534.3,400000,1,17.93,35,0,99714.65,120000,1,542017.77,600000,1,0.6,Partially compliant
46,ENI,energy,Italy,424603.61,500000,1,922752.93,1000000,1,37.62,50,0,234327.22,200000,0,827542.32,1000000,1,0.6,Partially compliant
47,DSV,transportation,Denmark,335442.42,400000,1,969439.96,800000,0,32.81,45,0,105754.26,100000,0,639760.78,700000,1,0.4,Partially compliant
48,Adyen,financial,Netherlands,15058.51,20000,1,48466.19,60000,1,18.76,20,0,2335.82,2000,0,69172.93,50000,0,0.4,Partially compliant
49,Universal Music Group,entertainment,Netherlands,89363.76,100000,1,255373.21,200000,0,38.77,30,1,24695.86,30000,1,318870.21,250000,0,0.6,Partially compliant
50,Nordea Bank,bank,Finland,32359.41,30000,0,81510.11,90000,1,20.56,20,1,2528.23,3000,1,87500.87,70000,0,0.6,Partially compliant
51,DHL Group (Deutsche Post),transportation,Germany,373300.87,400000,1,734791.3,800000,1,46.13,45,1,126258.18,100000,0,804287.04,700000,0,0.6,Partially compliant
52,ENGIE,energy,France,423663.69,500000,1,868543.19,1000000,1,32.71,50,0,184394.9,200000,1,908003.15,1000000,1,0.8,Partially compliant
53,Porsche,manufacturing,Germany,323731.71,300000,0,430425.09,500000,1,38.04,35,1,194359.33,150000,0,759629.91,800000,1,0.6,Partially compliant
54,Experian,financial,Ireland,18728.66,20000,1,76232.72,60000,0,10.97,20,0,2352.18,2000,0,41323.54,50000,1,0.4,Partially compliant
55,SociÃ¯Â¿Â½tÃ¯Â¿Â½ GÃ¯Â¿Â½nÃ¯Â¿Â½rale,bank,France,29090.31,30000,1,98586.2,90000,0,16.17,20,0,2574.34,3000,1,57238.35,70000,1,0.6,Partially compliant
56,KBC,insurance,Belgium,18767.64,25000,1,60763.34,70000,1,24.56,20,1,2575.82,2500,0,82692.08,60000,0,0.6,Partially compliant
57,E.ON,energy,Germany,568239.33,500000,0,825215.82,1000000,1,62.37,50,1,170415.96,200000,1,1123233.06,1000000,0,0.6,Partially compliant
58,UCB,biotech,Belgium,71239.4,80000,1,208446.36,180000,0,25.04,30,0,18593.7,20000,1,256676.2,300000,1,0.6,Partially compliant
59,Commerzbank,bank,Germany,35000.7,30000,0,109476.69,90000,0,21.75,20,1,3046.22,3000,0,63532.23,70000,1,0.4,Partially compliant
60,Argenx,biotech,Netherlands,75306.13,80000,1,230661.69,180000,0,21.02,30,0,18559.37,20000,1,357945.03,300000,0,0.4,Partially compliant
61,Orange,tech,France,59599.96,50000,0,133159.0,120000,0,15.02,20,0,5940.01,5000,0,110600.09,100000,0,0.0,Non compliant
62,EQT,financial,Sweden,22069.89,20000,0,62306.91,60000,0,18.72,20,0,1682.55,2000,1,56965.2,50000,0,0.2,Partially compliant
63,Dassault SystÃ¯Â¿Â½mes,tech,France,36673.31,50000,1,114829.97,120000,1,12.12,20,0,5789.6,5000,0,129660.99,100000,0,0.4,Partially compliant
64,Legrand,manufacturing,France,342668.24,300000,0,633850.96,500000,0,33.85,35,0,127874.52,150000,1,921916.26,800000,0,0.2,Partially compliant
65,Amadeus IT Group,tech,Spain,53139.1,50000,0,115873.39,120000,1,20.89,20,1,5952.85,5000,0,125484.91,100000,0,0.4,Partially compliant
66,Erste Group Bank,bank,Austria,27983.88,30000,1,80563.3,90000,1,24.2,20,1,3533.94,3000,0,73712.39,70000,0,0.6,Partially compliant
67,Skandinaviska Enskilda Banken,bank,Sweden,27299.62,30000,1,101345.03,90000,0,23.65,20,1,3851.64,3000,0,80075.41,70000,0,0.4,Partially compliant
68,Ahold Delhaize,food,Netherlands,225728.79,200000,0,488009.46,400000,0,39.03,35,1,108091.5,120000,1,803158.2,600000,0,0.4,Partially compliant
69,Daimler Truck,manufacturing,Germany,282730.5,300000,1,462553.84,500000,1,33.75,35,0,134551.61,150000,1,698345.97,800000,1,0.8,Partially compliant
70,Seagate Technology,tech,Ireland,39953.16,50000,1,153399.28,120000,0,21.7,20,1,4804.3,5000,1,89519.3,100000,1,0.8,Partially compliant
71,Talanx,financial,Germany,14624.17,20000,1,74449.37,60000,0,18.04,20,0,1636.82,2000,1,69386.9,50000,0,0.4,Partially compliant
72,Adidas,retail,Germany,83760.67,70000,0,175890.25,150000,0,15.88,25,0,8969.87,10000,1,253583.31,200000,0,0.2,Partially compliant
73,Hannover RÃ¯Â¿Â½ck,insurance,Germany,23252.21,25000,1,80793.57,70000,0,14.46,20,0,2039.84,2500,1,68156.48,60000,0,0.4,Partially compliant
74,Danske Bank,bank,Denmark,29223.13,30000,1,112959.42,90000,0,10.91,20,0,3444.66,3000,0,78927.92,70000,0,0.2,Partially compliant
75,Kering,retail,France,80480.09,70000,0,134613.82,150000,1,29.53,25,1,12577.07,10000,0,187770.97,200000,1,0.6,Partially compliant
76,?EZ Group,energy,Czech Republic,430980.88,500000,1,1237989.7,1000000,0,26.42,50,0,215743.23,200000,0,1182408.26,1000000,0,0.2,Partially compliant
77,Ryanair,transportation,Ireland,463099.22,400000,0,708623.18,800000,1,33.61,45,0,114684.76,100000,0,929592.64,700000,0,0.2,Partially compliant
78,Exor,financial,Netherlands,19850.98,20000,1,54173.78,60000,1,24.53,20,1,1628.34,2000,1,54179.4,50000,0,0.8,Partially compliant
79,KONE,services,Finland,32112.66,40000,1,124617.48,100000,0,25.3,20,1,4760.62,4000,0,96024.58,80000,0,0.4,Partially compliant
80,Bayer,biotech,Germany,67261.76,80000,1,156460.46,180000,1,32.69,30,1,17659.02,20000,1,402499.87,300000,0,0.8,Partially compliant
81,Sandvik,manufacturing,Sweden,211605.45,300000,1,439692.02,500000,1,31.94,35,0,168861.03,150000,0,1077729.27,800000,0,0.4,Partially compliant
82,Endesa,energy,Spain,447163.43,500000,1,946631.37,1000000,1,35.8,50,0,250211.25,200000,0,1167779.79,1000000,0,0.4,Partially compliant
83,Swedbank,bank,Sweden,28963.88,30000,1,114025.04,90000,0,23.34,20,1,3342.05,3000,0,68739.13,70000,1,0.6,Partially compliant
84,Maersk,transportation,Denmark,402804.69,400000,0,892546.5,800000,0,50.1,45,1,116571.38,100000,0,895298.34,700000,0,0.2,Partially compliant
85,Sampo,insurance,Finland,21846.95,25000,1,56901.22,70000,1,23.88,20,1,2966.52,2500,0,67379.71,60000,0,0.6,Partially compliant
86,Fresenius,healthcare,Germany,127330.74,120000,0,235986.08,250000,1,17.67,30,0,46007.18,50000,1,557368.35,400000,0,0.4,Partially compliant
87,Naturgy,energy,Spain,454955.1,500000,1,1065178.14,1000000,0,50.16,50,1,206798.09,200000,0,1089743.64,1000000,0,0.4,Partially compliant
88,TelefÃ¯Â¿Â½nica,tech,Spain,41629.7,50000,1,135467.66,120000,0,16.07,20,0,5256.33,5000,0,124016.24,100000,0,0.2,Partially compliant
89,Novozymes,biotech,Denmark,94148.19,80000,0,156248.15,180000,1,20.91,30,0,24091.71,20000,0,330636.33,300000,0,0.2,Partially compliant
90,Wolters Kluwer,tech,Netherlands,38143.38,50000,1,142743.7,120000,0,16.01,20,0,5368.31,5000,0,113856.74,100000,0,0.2,Partially compliant
91,RWE,energy,Germany,509893.44,500000,0,1168898.19,1000000,0,35.46,50,0,163504.28,200000,1,1331961.07,1000000,0,0.2,Partially compliant
92,Stellantis,manufacturing,Netherlands,305932.67,300000,0,563661.55,500000,0,42.91,35,1,152150.25,150000,0,1109241.47,800000,0,0.2,Partially compliant
93,Vonovia,real_estate,Germany,51366.68,60000,1,156843.49,130000,0,18.1,25,0,8033.66,8000,0,172183.73,150000,0,0.2,Partially compliant
94,Ericsson,tech,Sweden,42729.79,50000,1,108830.93,120000,1,13.84,20,0,6159.48,5000,0,83065.79,100000,1,0.6,Partially compliant
95,EnBW Energie,energy,Germany,599609.6,500000,0,1152434.14,1000000,0,48.04,50,0,174285.61,200000,1,975312.45,1000000,1,0.4,Partially compliant
96,Svenska Handelsbanken,bank,Sweden,26793.08,30000,1,81651.21,90000,1,25.74,20,1,3861.92,3000,0,96294.53,70000,0,0.6,Partially compliant
97,PKO Bank Polski,bank,Poland,31551.72,30000,0,84750.43,90000,1,25.54,20,1,3378.66,3000,0,85414.91,70000,0,0.4,Partially compliant
98,Dassault Aviation,manufacturing,France,304505.28,300000,0,541932.08,500000,0,32.31,35,0,152198.35,150000,0,761916.27,800000,1,0.2,Partially compliant
99,PKN Orlen,energy,Poland,506175.17,500000,0,1280079.9,1000000,0,26.55,50,0,250246.68,200000,0,1158044.28,1000000,0,0.0,Non compliant
100,Verbund AG,energy,Austria,459313.7,500000,1,1231143.97,1000000,0,53.03,50,1,168969.31,200000,1,1343838.07,1000000,0,0.6,Partially compliant
101,Hapag-Lloyd,transportation,Germany,465276.39,400000,0,1019473.75,800000,0,56.48,45,1,85046.88,100000,1,828597.38,700000,0,0.4,Partially compliant
102,Cellnex Telecom,tech,Spain,53300.46,50000,0,115376.43,120000,1,25.46,20,1,5721.42,5000,0,97989.18,100000,1,0.6,Partially compliant
103,International Consolidated Airlines,transportation,Spain,403215.22,400000,0,829828.63,800000,0,56.7,45,1,106639.2,100000,0,619383.64,700000,1,0.4,Partially compliant
104,Epiroc,manufacturing,Sweden,309047.59,300000,0,447322.26,500000,1,29.08,35,0,184249.89,150000,0,708136.77,800000,1,0.4,Partially compliant
105,Capgemini,services,France,43205.34,40000,0,98190.06,100000,1,15.55,20,0,3233.83,4000,1,111580.41,80000,0,0.4,Partially compliant
106,BioNTech,biotech,Germany,88463.66,80000,0,151810.54,180000,1,23.11,30,0,23866.81,20000,0,268360.5,300000,1,0.4,Partially compliant
107,ABN AMRO,bank,Netherlands,28747.79,30000,1,94421.69,90000,0,13.65,20,0,2719.71,3000,1,90329.71,70000,0,0.4,Partially compliant
108,ASM International,tech,Netherlands,49604.95,50000,1,115124.54,120000,1,17.96,20,0,5330.72,5000,0,81680.38,100000,1,0.6,Partially compliant
109,H&M,retail,Sweden,83345.89,70000,0,154250.61,150000,0,31.07,25,1,12266.73,10000,0,268537.06,200000,0,0.2,Partially compliant
110,Publicis Groupe,services,France,35530.19,40000,1,125191.2,100000,0,17.07,20,0,3716.03,4000,1,102591.97,80000,0,0.4,Partially compliant
111,Nokia,tech,Finland,53088.94,50000,0,134619.85,120000,0,14.52,20,0,4058.44,5000,1,122113.45,100000,0,0.2,Partially compliant
112,OTP Bank,bank,Hungary,35937.15,30000,0,85455.68,90000,1,19.11,20,0,3695.98,3000,0,92363.2,70000,0,0.2,Partially compliant
113,Banco BPM,bank,Italy,26557.31,30000,1,81945.03,90000,1,16.74,20,0,2424.36,3000,1,58494.38,70000,1,0.8,Partially compliant
114,BPER Banca,bank,Italy,30421.7,30000,0,99717.61,90000,0,22.62,20,1,2629.09,3000,1,68895.99,70000,1,0.6,Partially compliant
115,Snam,energy,Italy,575761.99,500000,0,1241147.86,1000000,0,28.59,50,0,253869.96,200000,0,1236763.0,1000000,0,0.0,Non compliant
116,Vestas Wind Systems,energy,Denmark,546697.76,500000,0,1131293.51,1000000,0,55.04,50,1,181396.78,200000,1,976571.77,1000000,1,0.6,Partially compliant
117,Terna,energy,Italy,554918.13,500000,0,1087085.12,1000000,0,42.75,50,0,229885.07,200000,0,1144650.68,1000000,0,0.0,Non compliant
118,Mediobanca,bank,Italy,26954.89,30000,1,113044.31,90000,0,22.98,20,1,2547.98,3000,1,69328.57,70000,1,0.8,Partially compliant
119,Banco Sabadell,bank,Spain,34750.88,30000,0,92357.53,90000,0,25.87,20,1,2652.81,3000,1,97409.52,70000,0,0.4,Partially compliant
120,Tenaris,manufacturing,Luxembourg,234185.72,300000,1,521254.93,500000,0,29.1,35,0,190499.63,150000,0,862210.28,800000,0,0.2,Partially compliant
121,EDP Group,energy,Portugal,569850.05,500000,0,939207.41,1000000,1,31.53,50,0,235183.48,200000,0,1258193.11,1000000,0,0.2,Partially compliant
122,Repsol,energy,Spain,447571.91,500000,1,1017968.55,1000000,0,51.34,50,1,185810.56,200000,1,1038375.99,1000000,0,0.6,Partially compliant
123,NN Group,financial,Netherlands,16223.08,20000,1,70082.69,60000,0,18.78,20,0,2233.11,2000,0,67368.69,50000,0,0.2,Partially compliant
124,Uniper,energy,Germany,411824.69,500000,1,912768.93,1000000,1,44.99,50,0,259472.48,200000,0,934316.9,1000000,1,0.6,Partially compliant
125,KPN,tech,Netherlands,45427.52,50000,1,143345.42,120000,0,16.72,20,0,4814.35,5000,1,118530.8,100000,0,0.4,Partially compliant
126,OMV,energy,Austria,553886.96,500000,0,825497.81,1000000,1,30.58,50,0,195839.97,200000,1,1220118.97,1000000,0,0.4,Partially compliant
127,Evolution Gaming,entertainment,Sweden,103109.74,100000,0,249829.77,200000,0,19.44,30,0,26075.32,30000,1,234815.51,250000,1,0.4,Partially compliant
128,AIB Group (Allied Irish Banks),bank,Ireland,23022.7,30000,1,72120.66,90000,1,21.78,20,1,2533.65,3000,1,68633.92,70000,1,1.0,Fully compliant
129,Industrivarden,financial,Sweden,17561.31,20000,1,51106.84,60000,1,17.3,20,0,2464.43,2000,0,63972.38,50000,0,0.4,Partially compliant
130,WÃ¯Â¿Â½rtsilÃ¯Â¿Â½,manufacturing,Finland,307849.26,300000,0,473571.11,500000,1,43.89,35,1,145696.53,150000,1,902437.93,800000,0,0.6,Partially compliant
131,Nebius Group (Yandex),tech,Netherlands,59274.25,50000,0,125569.23,120000,0,15.19,20,0,5260.48,5000,0,136929.01,100000,0,0.0,Non compliant
132,Euronext,financial,Netherlands,19589.61,20000,1,63980.34,60000,0,20.93,20,1,2121.91,2000,0,48222.79,50000,1,0.6,Partially compliant
133,Knorr-Bremse,manufacturing,Germany,350847.97,300000,0,564069.66,500000,0,28.47,35,0,191293.27,150000,0,903449.55,800000,0,0.0,Non compliant
134,Investment AB Latour,financial,Sweden,18721.21,20000,1,75250.13,60000,0,22.29,20,1,1742.62,2000,1,53464.53,50000,0,0.6,Partially compliant
135,bioMÃ¯Â¿Â½rieux,biotech,France,90501.99,80000,0,219319.49,180000,0,26.27,30,0,24614.08,20000,0,278731.1,300000,1,0.2,Partially compliant
136,Nemetschek,tech,Germany,55277.96,50000,0,111574.26,120000,1,22.34,20,1,5281.18,5000,0,81660.4,100000,1,0.6,Partially compliant
137,Moncler,retail,Italy,78833.85,70000,0,173601.96,150000,0,19.68,25,0,10343.5,10000,0,161041.07,200000,1,0.2,Partially compliant
138,Tryg,insurance,Denmark,20874.4,25000,1,64952.2,70000,1,11.25,20,0,2234.99,2500,1,62815.21,60000,0,0.6,Partially compliant
139,Fortum,energy,Finland,353829.25,500000,1,861601.83,1000000,1,55.7,50,1,161066.42,200000,1,892450.89,1000000,1,1.0,Fully compliant
140,Genmab,biotech,Denmark,67044.69,80000,1,151811.14,180000,1,24.16,30,0,22172.82,20000,0,302998.51,300000,0,0.4,Partially compliant
141,JerÃ¯Â¿Â½nimo Martins,retail,Portugal,56803.51,70000,1,142693.76,150000,1,29.23,25,1,12313.3,10000,0,251682.61,200000,0,0.6,Partially compliant
142,Banca Mediolanum,bank,Italy,22439.69,30000,1,98200.66,90000,0,20.07,20,1,3433.45,3000,0,57020.38,70000,1,0.6,Partially compliant
143,Unipol Assicurazioni,financial,Italy,17646.82,20000,1,60701.76,60000,0,11.6,20,0,1866.09,2000,1,40271.25,50000,1,0.6,Partially compliant
144,Kerry Group,food,Ireland,165669.21,200000,1,349829.39,400000,1,23.68,35,0,128189.91,120000,0,664093.8,600000,0,0.4,Partially compliant
145,Amundi,financial,France,15214.42,20000,1,77735.02,60000,0,23.03,20,1,1956.68,2000,1,42798.68,50000,1,0.8,Partially compliant
146,UPM-Kymmene,manufacturing,Finland,302530.5,300000,0,556249.01,500000,0,35.67,35,1,132504.64,150000,1,1077905.41,800000,0,0.4,Partially compliant
147,Unibail-Rodamco-Westfield,real_estate,France,49004.68,60000,1,122375.35,130000,1,28.03,25,1,6477.59,8000,1,128290.16,150000,1,1.0,Fully compliant
148,Fresenius Medical Care,healthcare,Germany,130517.84,120000,0,286770.39,250000,0,29.42,30,0,55745.59,50000,0,336790.06,400000,1,0.2,Partially compliant
149,Bank of Ireland Group,bank,Ireland,25609.64,30000,1,80623.66,90000,1,16.55,20,0,3067.2,3000,0,68743.41,70000,1,0.6,Partially compliant
150,ASR Nederland,financial,Netherlands,19235.92,20000,1,65399.54,60000,0,23.13,20,1,2518.62,2000,0,64878.94,50000,0,0.4,Partially compliant
151,Prada,retail,Italy,74101.99,70000,0,150356.67,150000,0,18.53,25,0,10519.68,10000,0,269695.06,200000,0,0.0,Non compliant
152,Telia Company,tech,Sweden,58515.65,50000,0,125662.33,120000,0,10.28,20,0,5107.28,5000,0,126021.92,100000,0,0.0,Non compliant
153,Powszechny Zak?ad Ubezpiecze?,insurance,Poland,18937.39,25000,1,78160.23,70000,0,14.85,20,0,3244.16,2500,0,54572.76,60000,1,0.4,Partially compliant
154,Santander Polska,bank,Poland,29494.9,30000,1,109881.45,90000,0,19.95,20,0,2405.24,3000,1,62495.17,70000,1,0.6,Partially compliant
155,Neste,energy,Finland,532094.78,500000,0,831984.34,1000000,1,28.14,50,0,203181.49,200000,0,1075998.29,1000000,0,0.2,Partially compliant
156,Galp Energia,energy,Portugal,470768.96,500000,1,966757.01,1000000,1,60.24,50,1,250065.67,200000,0,1063998.67,1000000,0,0.6,Partially compliant
157,Eurobank Ergasias Services and Holdings,bank,Greece,22441.07,30000,1,77796.35,90000,1,18.16,20,0,3315.39,3000,0,97946.52,70000,0,0.4,Partially compliant
158,FinecoBank,financial,Italy,14706.03,20000,1,61937.01,60000,0,17.15,20,0,2222.59,2000,0,59307.12,50000,0,0.2,Partially compliant
159,ageas,insurance,Belgium,24041.79,25000,1,75571.02,70000,0,10.7,20,0,3047.43,2500,0,60184.84,60000,0,0.2,Partially compliant
160,Mapfre,financial,Spain,18360.99,20000,1,58977.58,60000,1,23.12,20,1,2422.46,2000,0,65230.73,50000,0,0.6,Partially compliant
161,ICON plc,biotech,Ireland,73497.86,80000,1,177995.5,180000,1,24.89,30,0,21228.39,20000,0,322851.26,300000,0,0.4,Partially compliant
162,Bureau Veritas,services,France,47623.39,40000,0,83677.94,100000,1,21.27,20,1,5110.0,4000,0,87930.58,80000,0,0.4,Partially compliant
163,Bankinter,bank,Spain,30916.52,30000,0,100736.87,90000,0,21.64,20,1,3302.58,3000,0,93798.01,70000,0,0.2,Partially compliant
164,Bank Pekao (Bank Polska Kasa Opieki),bank,Poland,27093.67,30000,1,74134.69,90000,1,23.93,20,1,3672.24,3000,0,97885.31,70000,0,0.6,Partially compliant
165,Porsche SE,financial,Germany,20516.43,20000,0,57043.56,60000,1,17.92,20,0,2444.5,2000,0,65789.39,50000,0,0.2,Partially compliant
166,Ã¯Â¿Â½rsted,energy,Denmark,400779.31,500000,1,1156632.21,1000000,0,42.34,50,0,219267.9,200000,0,1221377.6,1000000,0,0.2,Partially compliant
167,National Bank of Greece,bank,Greece,26034.73,30000,1,90784.35,90000,0,10.76,20,0,3144.92,3000,0,58541.76,70000,1,0.4,Partially compliant
168,Recordati,biotech,Italy,69416.99,80000,1,227857.73,180000,0,33.87,30,1,20568.54,20000,0,335041.88,300000,0,0.4,Partially compliant
169,Banco Comercial PortuguÃ¯Â¿Â½s (Millennium bcp),bank,Portugal,23888.6,30000,1,86147.86,90000,1,23.09,20,1,3089.17,3000,0,67593.33,70000,1,0.8,Partially compliant
170,Elia Group,energy,Belgium,404815.2,500000,1,1207614.68,1000000,0,46.91,50,0,172456.65,200000,1,851612.06,1000000,1,0.6,Partially compliant
171,SPEEH Hidroelectrica,energy,Romania,592673.74,500000,0,951716.52,1000000,1,63.72,50,1,252742.06,200000,0,1135290.0,1000000,0,0.4,Partially compliant
172,LundbergfÃ¯Â¿Â½retagen,financial,Sweden,23113.24,20000,0,49401.85,60000,1,25.56,20,1,2518.6,2000,0,45946.24,50000,1,0.6,Partially compliant
173,EDP RenovÃ¯Â¿Â½veis,energy,Spain,357885.36,500000,1,910826.73,1000000,1,41.72,50,0,187978.43,200000,1,1373331.73,1000000,0,0.6,Partially compliant
174,DWS Group,financial,Germany,22171.46,20000,0,55643.28,60000,1,16.3,20,0,2484.16,2000,0,56354.23,50000,0,0.2,Partially compliant
175,AEGON,insurance,Netherlands,26315.11,25000,0,61332.07,70000,1,19.98,20,0,2574.08,2500,0,66660.09,60000,0,0.2,Partially compliant
176,Dino Polska,retail,Poland,51378.95,70000,1,184610.66,150000,0,24.04,25,0,11146.1,10000,0,231141.15,200000,0,0.2,Partially compliant
177,Edison,energy,Italy,450988.57,500000,1,990355.82,1000000,1,40.25,50,0,259593.48,200000,0,898553.4,1000000,1,0.6,Partially compliant
178,Tele2,tech,Sweden,58324.43,50000,0,155534.93,120000,0,15.72,20,0,5151.25,5000,0,87072.61,100000,1,0.2,Partially compliant
179,Banca Monte dei Paschi di Siena,bank,Italy,25135.05,30000,1,101733.63,90000,0,18.72,20,0,3579.27,3000,0,75368.55,70000,0,0.2,Partially compliant
180,Ascendis Pharma,biotech,Denmark,77645.77,80000,1,188690.31,180000,0,37.89,30,1,22522.48,20000,0,361134.97,300000,0,0.4,Partially compliant
181,D'Ieteren Group,retail,Belgium,66757.88,70000,1,148822.94,150000,1,15.64,25,0,8352.82,10000,1,263760.17,200000,0,0.6,Partially compliant
182,Renault,manufacturing,France,228362.81,300000,1,402920.2,500000,1,42.62,35,1,175648.07,150000,0,871198.99,800000,0,0.6,Partially compliant
183,Ipsen,biotech,France,76204.1,80000,1,180464.77,180000,0,29.98,30,0,24311.72,20000,0,282924.65,300000,1,0.4,Partially compliant
184,KlÃ¯Â¿Â½pierre,real_estate,France,55841.66,60000,1,132317.4,130000,0,15.65,25,0,9375.75,8000,0,143439.88,150000,1,0.4,Partially compliant
185,Orion Corporation,biotech,Finland,80536.17,80000,0,145044.82,180000,1,30.57,30,1,16644.74,20000,1,346606.64,300000,0,0.6,Partially compliant
186,ING Bank Slaski,bank,Poland,35556.3,30000,0,81127.65,90000,1,25.05,20,1,3817.38,3000,0,92617.31,70000,0,0.4,Partially compliant
187,Alstom,manufacturing,France,263658.68,300000,1,613180.05,500000,0,27.59,35,0,161744.24,150000,0,843328.86,800000,0,0.2,Partially compliant
188,Lufthansa,transportation,Germany,427180.78,400000,0,889013.13,800000,0,31.05,45,0,91938.1,100000,1,865771.4,700000,0,0.2,Partially compliant
189,BE Semiconductor,tech,Netherlands,54998.38,50000,0,118297.64,120000,1,18.54,20,0,5616.21,5000,0,91686.97,100000,1,0.4,Partially compliant
190,INWIT,tech,Italy,49695.58,50000,1,98925.8,120000,1,22.55,20,1,4451.97,5000,1,98370.02,100000,1,1.0,Fully compliant
191,HELLA,manufacturing,Germany,267520.6,300000,1,609154.27,500000,0,36.67,35,1,141655.7,150000,1,1113454.35,800000,0,0.6,Partially compliant
192,Raiffeisen Bank International,bank,Austria,32297.91,30000,0,77512.78,90000,1,15.86,20,0,3555.09,3000,0,60807.97,70000,1,0.4,Partially compliant
193,Metso,manufacturing,Finland,270101.17,300000,1,456249.35,500000,1,26.41,35,0,147596.95,150000,1,943626.94,800000,0,0.6,Partially compliant
194,Telecom Italia,tech,Italy,54986.55,50000,0,121586.05,120000,0,12.92,20,0,5327.88,5000,0,117383.97,100000,0,0.0,Non compliant
195,Allegro.eu,tech,Poland,37115.91,50000,1,138414.25,120000,0,17.0,20,0,6489.43,5000,0,110700.01,100000,0,0.2,Partially compliant
196,Swedish Orphan Biovitrum,biotech,Sweden,91345.2,80000,0,179253.47,180000,1,20.46,30,0,17834.22,20000,1,374313.09,300000,0,0.4,Partially compliant
197,Red ElÃ¯Â¿Â½ctrica,energy,Spain,366689.16,500000,1,825560.62,1000000,1,36.93,50,0,187255.06,200000,1,952940.24,1000000,1,0.8,Partially compliant
198,Deutsche Wohnen,real_estate,Germany,45544.22,60000,1,162737.79,130000,0,13.66,25,0,7928.82,8000,1,195325.75,150000,0,0.4,Partially compliant
199,mBank,bank,Poland,34703.81,30000,0,81708.68,90000,1,23.44,20,1,3664.79,3000,0,89179.14,70000,0,0.4,Partially compliant
200,Carrefour,retail,France,65645.32,70000,1,122439.68,150000,1,25.21,25,1,10332.21,10000,0,237915.75,200000,0,0.6,Partially compliant
201,CTP N.V.,real_estate,Netherlands,56648.77,60000,1,136951.31,130000,0,22.75,25,0,6835.64,8000,1,207127.36,150000,0,0.4,Partially compliant
202,Getlink,transportation,France,429843.71,400000,0,832607.93,800000,0,46.1,45,1,116582.78,100000,0,823902.93,700000,0,0.2,Partially compliant
203,BAWAG Group,bank,Austria,28580.23,30000,1,110830.71,90000,0,15.87,20,0,2826.55,3000,1,59014.8,70000,1,0.6,Partially compliant
204,Sofina,financial,Belgium,17135.38,20000,1,74808.4,60000,0,11.46,20,0,1813.73,2000,1,66339.03,50000,0,0.4,Partially compliant
205,Qiagen,biotech,Netherlands,78849.08,80000,1,184372.68,180000,0,27.26,30,0,17012.57,20000,1,297610.09,300000,1,0.6,Partially compliant
206,Piraeus Financial Holdings,bank,Greece,28299.53,30000,1,105789.4,90000,0,19.95,20,0,2578.48,3000,1,95319.59,70000,0,0.4,Partially compliant
207,Scout24 (ImmoScout24),tech,Germany,52853.24,50000,0,123774.13,120000,0,12.94,20,0,4282.36,5000,1,106630.83,100000,0,0.2,Partially compliant
208,Alpha Services and Holdings,bank,Greece,26166.78,30000,1,106300.84,90000,0,16.79,20,0,3143.43,3000,0,56537.17,70000,1,0.4,Partially compliant
209,Komer?nÃ¯Â¿Â½ banka,bank,Czech Republic,27611.64,30000,1,80977.45,90000,1,20.43,20,1,2831.6,3000,1,60835.37,70000,1,1.0,Fully compliant
210,SPIE,services,France,29020.01,40000,1,81458.87,100000,1,25.28,20,1,3858.31,4000,1,103791.46,80000,0,0.8,Partially compliant
211,Indutrade,manufacturing,Sweden,322532.96,300000,0,599638.44,500000,0,34.38,35,0,192257.88,150000,0,897616.08,800000,0,0.0,Non compliant
212,Italgas,energy,Italy,393185.58,500000,1,1216662.38,1000000,0,31.57,50,0,258956.03,200000,0,880276.15,1000000,1,0.4,Partially compliant
213,Sodexo,food,France,197006.32,200000,1,428674.9,400000,0,19.76,35,0,100636.78,120000,1,798381.05,600000,0,0.4,Partially compliant
214,CTS Eventim,entertainment,Germany,94677.92,100000,1,250698.32,200000,0,36.63,30,1,26323.06,30000,1,344520.29,250000,0,0.6,Partially compliant
215,Acciona EnergÃ¯Â¿Â½as Renovables,energy,Spain,434963.12,500000,1,922997.7,1000000,1,31.8,50,0,202949.21,200000,0,885401.98,1000000,1,0.6,Partially compliant
216,Kesko,retail,Finland,70161.9,70000,0,141851.47,150000,1,28.62,25,1,9972.96,10000,1,260345.1,200000,0,0.6,Partially compliant
217,LPP SA,retail,Poland,80519.19,70000,0,146655.28,150000,1,23.14,25,0,8696.15,10000,1,240077.46,200000,0,0.4,Partially compliant
218,Grifols,biotech,Spain,79006.76,80000,1,183904.97,180000,0,16.05,30,0,23042.35,20000,0,284971.07,300000,1,0.4,Partially compliant
219,Elisa,tech,Finland,46185.14,50000,1,146263.67,120000,0,18.32,20,0,6282.2,5000,0,88234.16,100000,1,0.4,Partially compliant
220,Fastighets AB Balder,real_estate,Sweden,68478.03,60000,0,107734.85,130000,1,15.99,25,0,6747.21,8000,1,189654.83,150000,0,0.4,Partially compliant
221,Merlin Properties,real_estate,Spain,68215.64,60000,0,105912.55,130000,1,16.54,25,0,9009.54,8000,0,120588.87,150000,1,0.4,Partially compliant
222,FinanciÃ¯Â¿Â½re de Tubize,biotech,Belgium,87674.53,80000,0,224095.93,180000,0,35.85,30,1,19439.97,20000,1,330242.68,300000,0,0.4,Partially compliant
223,Randstad,services,Netherlands,32919.48,40000,1,123972.26,100000,0,10.44,20,0,3968.09,4000,1,67193.58,80000,1,0.6,Partially compliant
224,Technip Energies,energy,France,508626.05,500000,0,1024685.56,1000000,0,32.42,50,0,196212.07,200000,1,1115879.31,1000000,0,0.2,Partially compliant
225,Millicom,tech,Luxembourg,55113.2,50000,0,127826.66,120000,0,24.58,20,1,6353.14,5000,0,95607.29,100000,1,0.4,Partially compliant
226,OPAP (Organization of Football Prognostics),entertainment,Greece,82560.46,100000,1,205354.94,200000,0,36.92,30,1,38648.69,30000,0,335165.39,250000,0,0.4,Partially compliant
227,Rockwool,manufacturing,Denmark,335789.22,300000,0,615614.07,500000,0,41.37,35,1,168981.79,150000,0,749703.35,800000,1,0.4,Partially compliant
228,Brunello Cucinelli,retail,Italy,53607.05,70000,1,131803.59,150000,1,12.57,25,0,12453.67,10000,0,165785.55,200000,1,0.6,Partially compliant
229,Lotus Bakeries,food,Belgium,154391.93,200000,1,368084.65,400000,1,24.83,35,0,100566.01,120000,1,553974.23,600000,1,0.8,Partially compliant
230,CPI Property Group,real_estate,Luxembourg,66060.98,60000,0,147405.24,130000,0,18.74,25,0,6992.9,8000,1,124800.43,150000,1,0.4,Partially compliant
231,A2A,energy,Italy,409763.8,500000,1,895905.66,1000000,1,60.0,50,1,190898.28,200000,1,1302688.29,1000000,0,0.8,Partially compliant
232,Delivery Hero,food,Germany,221021.75,200000,0,322894.12,400000,1,23.02,35,0,100862.55,120000,1,537079.86,600000,1,0.6,Partially compliant
233,OTE Group,tech,Greece,50902.27,50000,0,124290.06,120000,0,21.28,20,1,6105.41,5000,0,128399.45,100000,0,0.2,Partially compliant
234,Sagax,financial,Sweden,17812.67,20000,1,59158.19,60000,1,19.54,20,0,1649.7,2000,1,64719.15,50000,0,0.6,Partially compliant
235,Jazz Pharmaceuticals,biotech,Ireland,68835.02,80000,1,154417.18,180000,1,23.05,30,0,16348.07,20000,1,378736.22,300000,0,0.6,Partially compliant
236,Nexi,financial,Italy,20070.3,20000,0,54028.63,60000,1,16.84,20,0,1927.09,2000,1,45832.42,50000,1,0.6,Partially compliant
237,InPost,transportation,Luxembourg,357396.33,400000,1,892886.05,800000,0,48.22,45,1,123715.42,100000,0,854579.37,700000,0,0.4,Partially compliant
238,Covivio,real_estate,France,59282.39,60000,1,151073.33,130000,0,15.05,25,0,8072.78,8000,0,209322.77,150000,0,0.2,Partially compliant
239,AAK,food,Sweden,203000.97,200000,0,496523.47,400000,0,43.69,35,1,133713.0,120000,0,823355.33,600000,0,0.2,Partially compliant
240,AUTO1,tech,Germany,36655.39,50000,1,136483.64,120000,0,16.94,20,0,4008.38,5000,1,84817.01,100000,1,0.6,Partially compliant
241,Zalando,retail,Germany,66618.32,70000,1,169285.0,150000,0,19.68,25,0,9747.2,10000,1,248517.16,200000,0,0.4,Partially compliant
242,Fincantieri,manufacturing,Italy,292489.6,300000,1,532081.06,500000,0,22.03,35,0,181774.85,150000,0,947678.85,800000,0,0.2,Partially compliant
243,Nordnet AB,financial,Sweden,19128.39,20000,1,75071.23,60000,0,25.98,20,1,2455.23,2000,0,45100.11,50000,1,0.6,Partially compliant
244,Gecina,financial,France,21278.53,20000,0,56285.53,60000,1,17.78,20,0,2171.34,2000,0,68791.4,50000,0,0.2,Partially compliant
245,A1 Telekom Austria,tech,Austria,52991.58,50000,0,115383.61,120000,1,21.17,20,1,5207.74,5000,0,112235.2,100000,0,0.4,Partially compliant
246,Romgaz,energy,Romania,555281.98,500000,0,892869.17,1000000,1,58.76,50,1,184274.92,200000,1,1136454.29,1000000,0,0.6,Partially compliant
247,Unicaja Banco,bank,Spain,31940.78,30000,0,100019.91,90000,0,21.85,20,1,3685.88,3000,0,65862.92,70000,1,0.4,Partially compliant
248,RENK Group,manufacturing,Germany,323562.2,300000,0,553563.13,500000,0,28.87,35,0,131074.76,150000,1,809042.84,800000,0,0.2,Partially compliant
249,PGE Polska,energy,Poland,558753.45,500000,0,1045645.37,1000000,0,43.19,50,0,194313.4,200000,1,1233270.81,1000000,0,0.2,Partially compliant
250,Indra Sistemas,services,Spain,40107.69,40000,0,108020.51,100000,0,21.33,20,1,3563.31,4000,1,77222.53,80000,1,0.6,Partially compliant
251,Edenred,financial,France,23104.81,20000,0,62237.11,60000,0,25.42,20,1,1926.75,2000,1,64845.37,50000,0,0.4,Partially compliant
252,Compagnie du Cambodge,financial,France,23365.82,20000,0,61950.11,60000,0,15.2,20,0,2434.95,2000,0,63601.87,50000,0,0.0,Non compliant
253,CD Projekt,tech,Poland,51488.15,50000,0,120551.17,120000,0,11.88,20,0,6191.71,5000,0,81671.48,100000,1,0.2,Partially compliant
254,Vienna Insurance Group,insurance,Austria,20373.94,25000,1,62010.9,70000,1,16.52,20,0,2495.71,2500,1,63103.13,60000,0,0.6,Partially compliant
255,ALK-AbellÃ¯Â¿Â½,biotech,Denmark,77500.52,80000,1,223818.55,180000,0,30.04,30,1,22910.02,20000,0,406963.23,300000,0,0.4,Partially compliant
256,Lottomatica Group,entertainment,Italy,83672.46,100000,1,187270.95,200000,1,15.12,30,0,30993.35,30000,0,296313.97,250000,0,0.4,Partially compliant
257,MOL Group,energy,Hungary,420031.27,500000,1,931743.85,1000000,1,25.42,50,0,251734.36,200000,0,837175.08,1000000,1,0.6,Partially compliant
258,Banca Transilvania,bank,Romania,22502.26,30000,1,102064.71,90000,0,10.62,20,0,3044.66,3000,0,58340.66,70000,1,0.4,Partially compliant
259,Sectra AB,tech,Sweden,45974.18,50000,1,107507.78,120000,1,21.38,20,1,5783.47,5000,0,98822.43,100000,1,0.8,Partially compliant
260,LEG Immobilien,real_estate,Germany,50780.0,60000,1,163566.23,130000,0,13.74,25,0,6630.16,8000,1,150176.05,150000,0,0.4,Partially compliant
261,Axfood,retail,Sweden,71600.02,70000,0,134888.73,150000,1,27.76,25,1,10866.94,10000,0,242306.6,200000,0,0.4,Partially compliant
262,Grupo Catalana Occidente,insurance,Spain,21779.45,25000,1,57138.36,70000,1,17.28,20,0,2878.31,2500,0,80591.99,60000,0,0.4,Partially compliant
263,Thyssenkrupp,manufacturing,Germany,350607.17,300000,0,441807.45,500000,1,35.78,35,1,169157.23,150000,0,707973.24,800000,1,0.6,Partially compliant
264,Banca Generali,bank,Italy,34036.12,30000,0,90563.3,90000,0,12.53,20,0,2862.37,3000,1,72460.63,70000,0,0.2,Partially compliant
265,Konecranes,manufacturing,Finland,314653.83,300000,0,644691.31,500000,0,45.34,35,1,158811.67,150000,0,849203.73,800000,0,0.2,Partially compliant
266,Banca Popolare di Sondrio,bank,Italy,28835.66,30000,1,115898.96,90000,0,16.64,20,0,3193.32,3000,0,97599.07,70000,0,0.2,Partially compliant
267,Ternium,manufacturing,Luxembourg,308960.38,300000,0,610153.4,500000,0,38.81,35,1,188674.74,150000,0,1072264.02,800000,0,0.2,Partially compliant
268,Jyske Bank,bank,Denmark,35897.43,30000,0,79521.57,90000,1,21.97,20,1,3135.97,3000,0,96542.43,70000,0,0.4,Partially compliant
269,Valmet,manufacturing,Finland,359323.65,300000,0,565501.92,500000,0,31.68,35,0,127464.27,150000,1,964598.55,800000,0,0.2,Partially compliant
270,Elis,services,France,44180.83,40000,0,115136.63,100000,0,25.46,20,1,4140.08,4000,0,102528.64,80000,0,0.2,Partially compliant
271,Hera Group,energy,Italy,358045.17,500000,1,1102969.13,1000000,0,56.07,50,1,213899.18,200000,0,1128184.42,1000000,0,0.4,Partially compliant
272,Volvo Car,manufacturing,Sweden,269758.55,300000,1,559483.9,500000,0,41.36,35,1,167154.32,150000,0,850412.72,800000,0,0.4,Partially compliant
273,IONOS Group,tech,Germany,50174.77,50000,0,138833.67,120000,0,17.16,20,0,5820.16,5000,0,92552.36,100000,1,0.2,Partially compliant
274,Sweco,services,Sweden,45454.98,40000,0,123488.75,100000,0,11.92,20,0,3331.53,4000,1,86823.27,80000,0,0.2,Partially compliant
275,DCC plc,energy,Ireland,500047.86,500000,0,1064025.21,1000000,0,33.84,50,0,196629.89,200000,1,910819.28,1000000,1,0.4,Partially compliant
276,Schaeffler,manufacturing,Germany,300046.97,300000,0,474846.04,500000,1,34.21,35,0,127067.57,150000,1,955765.85,800000,0,0.4,Partially compliant
277,Public Power Corporation,energy,Greece,378761.54,500000,1,960407.15,1000000,1,63.06,50,1,161694.95,200000,1,1136053.25,1000000,0,0.8,Partially compliant
278,Oberbank,bank,Austria,21241.04,30000,1,101970.98,90000,0,13.86,20,0,3040.83,3000,0,57609.47,70000,1,0.4,Partially compliant
279,KBC Ancora,financial,Belgium,21418.7,20000,0,70398.9,60000,0,21.11,20,1,1643.08,2000,1,41390.05,50000,1,0.6,Partially compliant
280,Lundbeck,biotech,Denmark,67853.93,80000,1,164353.42,180000,1,30.43,30,1,16364.91,20000,1,297184.65,300000,1,1.0,Fully compliant
281,FranÃ¯Â¿Â½aise des Jeux,entertainment,France,79346.08,100000,1,217884.38,200000,0,21.41,30,0,31075.94,30000,0,296842.75,250000,0,0.2,Partially compliant
282,Zabka Group,retail,Poland,57933.34,70000,1,135201.15,150000,1,26.41,25,1,12173.65,10000,0,183393.57,200000,1,0.8,Partially compliant
283,Warehouses De Pauw,real_estate,Belgium,68772.2,60000,0,110534.47,130000,1,19.14,25,0,8322.33,8000,0,175075.63,150000,0,0.2,Partially compliant
284,Avanza Bank,bank,Sweden,30194.82,30000,0,76322.05,90000,1,19.9,20,0,2550.85,3000,1,86887.36,70000,0,0.4,Partially compliant
285,Nordex,energy,Germany,484019.24,500000,1,1092248.45,1000000,0,58.27,50,1,239114.73,200000,0,999558.26,1000000,1,0.6,Partially compliant
286,CorporaciÃ¯Â¿Â½n Financiera Alba,financial,Spain,16021.7,20000,1,65754.69,60000,0,24.21,20,1,2423.65,2000,0,57721.28,50000,0,0.4,Partially compliant
287,Scor,insurance,France,17583.83,25000,1,64685.34,70000,1,11.42,20,0,3087.85,2500,0,65555.96,60000,0,0.4,Partially compliant
288,Bechtle,services,Germany,33218.52,40000,1,110154.29,100000,0,19.17,20,0,3238.58,4000,1,90402.73,80000,0,0.4,Partially compliant
289,DiaSorin,biotech,Italy,81809.8,80000,0,175069.94,180000,1,27.76,30,0,19356.57,20000,1,270225.28,300000,1,0.6,Partially compliant
290,GamaLife,insurance,Portugal,21439.9,25000,1,80938.8,70000,0,18.3,20,0,2106.93,2500,1,61403.53,60000,0,0.4,Partially compliant
291,Fortnox AB,tech,Sweden,41249.21,50000,1,106258.94,120000,1,21.55,20,1,4289.38,5000,1,126298.75,100000,0,0.8,Partially compliant
292,Iveco Group,manufacturing,Italy,292346.61,300000,1,407745.32,500000,1,39.04,35,1,138018.18,150000,1,981940.88,800000,0,0.8,Partially compliant
293,United Internet,tech,Germany,57632.79,50000,0,123355.17,120000,0,22.14,20,1,5946.84,5000,0,129554.5,100000,0,0.2,Partially compliant
294,Fuchs Petrolub,energy,Germany,362284.2,500000,1,1211399.39,1000000,0,46.11,50,0,214674.17,200000,0,1144435.09,1000000,0,0.2,Partially compliant
295,RingkjÃ¯Â¿Â½bing Landbobank,bank,Denmark,21684.18,30000,1,112971.02,90000,0,24.07,20,1,3226.42,3000,0,95404.62,70000,0,0.4,Partially compliant
296,Castellum,real_estate,Sweden,45705.62,60000,1,153854.24,130000,0,20.08,25,0,9138.87,8000,0,186203.34,150000,0,0.2,Partially compliant
297,Richter Gedeon,biotech,Hungary,77274.7,80000,1,197486.7,180000,0,17.2,30,0,21624.18,20000,0,323729.04,300000,0,0.2,Partially compliant
298,Saipem,energy,Italy,559275.79,500000,0,1216244.28,1000000,0,34.38,50,0,167251.19,200000,1,1398244.15,1000000,0,0.2,Partially compliant
299,Credito Emiliano,bank,Italy,33935.41,30000,0,94312.25,90000,0,22.31,20,1,2825.79,3000,1,68073.95,70000,1,0.6,Partially compliant
300,Reply,services,Italy,43819.5,40000,0,103604.24,100000,0,18.64,20,0,5101.5,4000,0,100444.75,80000,0,0.0,Non compliant
301,Fielmann,retail,Germany,54873.51,70000,1,172277.51,150000,0,25.89,25,1,9399.36,10000,1,219034.48,200000,0,0.6,Partially compliant
302,Colruyt,retail,Belgium,78346.94,70000,0,176679.57,150000,0,17.2,25,0,8494.69,10000,1,261677.67,200000,0,0.2,Partially compliant
303,Technoprobe,manufacturing,Italy,210028.56,300000,1,630021.07,500000,0,23.75,35,0,124032.1,150000,1,915101.13,800000,0,0.4,Partially compliant
304,Azimut Holding,financial,Italy,19839.61,20000,1,71983.33,60000,0,12.15,20,0,2357.58,2000,0,56877.0,50000,0,0.2,Partially compliant
305,Interpump Group,manufacturing,Italy,357891.6,300000,0,460455.2,500000,1,27.18,35,0,186551.78,150000,0,983697.51,800000,0,0.2,Partially compliant
306,Merus,biotech,Netherlands,57468.53,80000,1,210458.94,180000,0,31.75,30,1,16547.91,20000,1,254737.34,300000,1,0.8,Partially compliant
307,Jumbo S.A.,retail,Greece,72398.59,70000,0,183166.45,150000,0,21.55,25,0,10334.52,10000,0,252790.08,200000,0,0.0,Non compliant
308,ACEA,energy,Italy,440548.14,500000,1,848339.19,1000000,1,45.41,50,0,254443.93,200000,0,821988.89,1000000,1,0.6,Partially compliant
309,Krones,manufacturing,Germany,338273.7,300000,0,502102.08,500000,0,41.9,35,1,129530.17,150000,1,1045519.14,800000,0,0.4,Partially compliant
310,EVN Group,energy,Austria,481841.18,500000,1,955122.99,1000000,1,27.58,50,0,185515.35,200000,1,813817.73,1000000,1,0.8,Partially compliant
311,Zealand Pharma,biotech,Denmark,61488.44,80000,1,224671.22,180000,0,33.99,30,1,25434.69,20000,0,303795.12,300000,0,0.4,Partially compliant
312,Bank Millennium,bank,Poland,25429.61,30000,1,82616.2,90000,1,16.25,20,0,2997.06,3000,1,94574.88,70000,0,0.6,Partially compliant
313,Alkermes,biotech,Ireland,86489.64,80000,0,184818.85,180000,0,19.9,30,0,23227.29,20000,0,355687.53,300000,0,0.0,Non compliant
314,Just Eat Takeaway,food,Netherlands,178682.97,200000,1,467430.73,400000,0,34.16,35,0,135690.79,120000,0,752714.86,600000,0,0.2,Partially compliant
315,Teleperformance,services,France,36532.01,40000,1,119996.22,100000,0,18.62,20,0,4311.6,4000,0,64855.28,80000,1,0.4,Partially compliant
316,Eurazeo,financial,France,17643.72,20000,1,65837.08,60000,0,16.26,20,0,2328.01,2000,0,63360.72,50000,0,0.2,Partially compliant
317,Uniqa Insurance Group,insurance,Austria,21584.6,25000,1,81053.35,70000,0,17.4,20,0,2474.14,2500,1,70188.32,60000,0,0.4,Partially compliant
318,Mycronic,manufacturing,Sweden,345244.55,300000,0,436951.72,500000,1,24.17,35,0,167441.45,150000,0,855689.36,800000,0,0.2,Partially compliant
319,Logista (CompaÃ¯Â¿Â½Ã¯Â¿Â½a de DistribuciÃ¯Â¿Â½n Integral Logista),transportation,Spain,300565.04,400000,1,748660.49,800000,1,39.41,45,0,108189.95,100000,0,884099.52,700000,0,0.4,Partially compliant
320,Aroundtown,real_estate,Luxembourg,44331.99,60000,1,125889.89,130000,1,32.07,25,1,8756.72,8000,0,146733.7,150000,1,0.8,Partially compliant
321,Vallourec,manufacturing,France,226549.03,300000,1,583678.39,500000,0,45.07,35,1,167158.4,150000,0,849085.41,800000,0,0.4,Partially compliant
322,DMG Mori Aktiengesellschaft,manufacturing,Germany,251400.5,300000,1,624111.18,500000,0,39.47,35,1,167392.9,150000,0,1050522.03,800000,0,0.4,Partially compliant
323,Tauron Polska,energy,Poland,597970.44,500000,0,978410.24,1000000,1,35.56,50,0,252664.85,200000,0,968454.01,1000000,1,0.4,Partially compliant
324,VEON,tech,Netherlands,44486.08,50000,1,145743.83,120000,0,24.47,20,1,6293.1,5000,0,116063.81,100000,0,0.4,Partially compliant
325,Covivio Hotels,financial,France,17680.87,20000,1,64961.68,60000,0,15.21,20,0,2275.17,2000,0,59080.97,50000,0,0.2,Partially compliant
326,Arcadis,services,Netherlands,33982.2,40000,1,91239.61,100000,1,22.26,20,1,5193.59,4000,0,84230.38,80000,0,0.6,Partially compliant
327,Air France-KLM,transportation,France,451386.0,400000,0,673746.25,800000,1,33.88,45,0,89103.62,100000,1,619514.73,700000,1,0.6,Partially compliant
328,1&1,tech,Germany,49424.46,50000,1,126565.04,120000,0,18.79,20,0,6396.66,5000,0,121044.98,100000,0,0.2,Partially compliant
329,VusionGroup,tech,France,49994.97,50000,1,137724.82,120000,0,10.97,20,0,4655.53,5000,1,105058.97,100000,0,0.4,Partially compliant
330,Glanbia plc,food,Ireland,215402.58,200000,0,494928.93,400000,0,23.78,35,0,118245.25,120000,1,533016.49,600000,1,0.4,Partially compliant
331,Inmobiliaria Colonial,financial,Spain,20491.97,20000,0,76451.05,60000,0,22.51,20,1,2347.62,2000,0,53762.9,50000,0,0.2,Partially compliant
332,EnagÃ¯Â¿Â½s,energy,Spain,442146.55,500000,1,1036692.19,1000000,0,55.76,50,1,228279.68,200000,0,1133675.96,1000000,0,0.4,Partially compliant
333,SCHOTT Pharma,biotech,Germany,93796.64,80000,0,225065.61,180000,0,34.82,30,1,18584.32,20000,1,382374.99,300000,0,0.4,Partially compliant
334,Alm. Brand,financial,Denmark,16668.11,20000,1,77557.52,60000,0,24.9,20,1,1771.44,2000,1,66306.89,50000,0,0.6,Partially compliant
335,Freenet,tech,Germany,42848.12,50000,1,150918.57,120000,0,15.04,20,0,5137.88,5000,0,111758.64,100000,0,0.2,Partially compliant
336,Tikehau Capital,financial,France,16272.98,20000,1,49899.85,60000,1,24.19,20,1,1796.92,2000,1,68508.35,50000,0,0.8,Partially compliant
337,Iren,energy,Italy,452523.37,500000,1,864115.77,1000000,1,35.98,50,0,192715.74,200000,1,1203406.33,1000000,0,0.6,Partially compliant
338,Brederode,financial,Luxembourg,14071.17,20000,1,76576.23,60000,0,22.71,20,1,2488.84,2000,0,43319.95,50000,1,0.6,Partially compliant
339,Sydbank A/S,bank,Denmark,30118.37,30000,0,90901.77,90000,0,24.76,20,1,3644.57,3000,0,83129.31,70000,0,0.2,Partially compliant
340,Alior Bank S.A.,bank,Poland,34668.72,30000,0,110907.71,90000,0,11.09,20,0,3318.2,3000,0,65428.31,70000,1,0.2,Partially compliant
341,Spar Nord Bank A/S,bank,Denmark,22629.33,30000,1,109197.68,90000,0,16.46,20,0,3722.98,3000,0,88382.21,70000,0,0.2,Partially compliant
342,Bank Handlowy w Warszawie,bank,Poland,27824.2,30000,1,86039.58,90000,1,15.06,20,0,2513.5,3000,1,76821.15,70000,0,0.6,Partially compliant
343,MONETA Money Bank,bank,Czech Republic,27245.87,30000,1,81342.79,90000,1,10.14,20,0,3591.57,3000,0,75501.02,70000,0,0.4,Partially compliant
344,SociÃ¯Â¿Â½tÃ¯Â¿Â½ FonciÃ¯Â¿Â½re Lyonnaise,financial,France,15167.15,20000,1,65551.2,60000,0,19.74,20,0,1816.5,2000,1,53215.67,50000,0,0.4,Partially compliant
345,flatexDEGIRO AG,financial,Germany,23638.86,20000,0,64621.27,60000,0,10.76,20,0,2067.52,2000,0,60035.1,50000,0,0.0,Non compliant
346,L.D.C. S.A.,food,France,219026.81,200000,0,330339.02,400000,1,27.17,35,0,127610.37,120000,0,596351.7,600000,1,0.4,Partially compliant
347,Sopra Steria Group,services,France,40391.7,40000,0,90679.61,100000,1,10.53,20,0,3748.32,4000,1,96650.16,80000,0,0.4,Partially compliant
348,Vidrala,manufacturing,Spain,307421.92,300000,0,432647.23,500000,1,43.78,35,1,162193.55,150000,0,928412.71,800000,0,0.4,Partially compliant
349,Asseco,tech,Poland,52076.44,50000,0,137083.0,120000,0,12.51,20,0,4401.67,5000,1,88662.71,100000,1,0.4,Partially compliant
350,Aedifica,real_estate,Belgium,42576.34,60000,1,165146.13,130000,0,23.35,25,0,9111.63,8000,0,208682.39,150000,0,0.2,Partially compliant
351,Brembo,manufacturing,Italy,296117.28,300000,1,511692.87,500000,0,35.83,35,1,140571.06,150000,1,901240.34,800000,0,0.6,Partially compliant
352,Pandox AB,real_estate,Sweden,59108.23,60000,1,133523.37,130000,0,17.56,25,0,7974.64,8000,1,146278.58,150000,1,0.6,Partially compliant
353,PUMA,retail,Germany,56558.22,70000,1,166827.01,150000,0,32.3,25,1,10366.51,10000,0,203340.24,200000,0,0.4,Partially compliant
354,ERG,energy,Italy,422244.5,500000,1,944575.35,1000000,1,36.52,50,0,193386.48,200000,1,1008071.9,1000000,0,0.6,Partially compliant
355,Laboratorios Farmaceuticos Rovi,biotech,Spain,58006.71,80000,1,153440.46,180000,1,24.47,30,0,16268.84,20000,1,250273.96,300000,1,0.8,Partially compliant
356,Mandatum,financial,Finland,23207.46,20000,0,69987.18,60000,0,21.66,20,1,1902.85,2000,1,45691.97,50000,1,0.6,Partially compliant
357,Trigano,manufacturing,France,280833.31,300000,1,619385.04,500000,0,25.43,35,0,121179.39,150000,1,826777.34,800000,0,0.4,Partially compliant
358,Groupe LagardÃ¯Â¿Â½re,entertainment,France,119709.4,100000,0,172245.91,200000,1,21.07,30,0,33837.68,30000,0,292507.47,250000,0,0.2,Partially compliant
359,Rubis,energy,France,421799.48,500000,1,970483.91,1000000,1,34.39,50,0,250651.61,200000,0,1085096.39,1000000,0,0.4,Partially compliant
360,Cofinimmo,real_estate,Belgium,44140.7,60000,1,138556.17,130000,0,13.92,25,0,6743.14,8000,1,192031.22,150000,0,0.4,Partially compliant
361,Orange Polska,tech,Poland,43302.02,50000,1,104621.67,120000,1,18.66,20,0,6148.92,5000,0,139812.29,100000,0,0.4,Partially compliant
362,SYNLAB,biotech,Germany,90512.89,80000,0,233088.31,180000,0,36.08,30,1,24435.93,20000,0,403985.6,300000,0,0.2,Partially compliant
363,B&M European Value Retail,retail,Luxembourg,82312.48,70000,0,194619.94,150000,0,14.7,25,0,10935.07,10000,0,232319.71,200000,0,0.0,Non compliant
364,Signify,manufacturing,Netherlands,334637.73,300000,0,424210.56,500000,1,25.22,35,0,163806.19,150000,0,841265.51,800000,0,0.2,Partially compliant
365,Virbac SA,biotech,France,79615.41,80000,1,182889.91,180000,0,28.59,30,0,18035.53,20000,1,400867.84,300000,0,0.4,Partially compliant
366,Melexis NV,tech,Belgium,44491.92,50000,1,126520.68,120000,0,10.77,20,0,4104.5,5000,1,127867.4,100000,0,0.4,Partially compliant
367,Perrigo,biotech,Ireland,86414.78,80000,0,171563.7,180000,1,35.21,30,1,20722.42,20000,0,378999.34,300000,0,0.4,Partially compliant
368,Motor Oil (Hellas) Corinth Refineries,energy,Greece,547796.87,500000,0,1067949.0,1000000,0,47.83,50,0,216674.0,200000,0,878141.76,1000000,1,0.2,Partially compliant
369,Carel Industries,manufacturing,Italy,245114.37,300000,1,527765.5,500000,0,38.95,35,1,151806.37,150000,0,758939.98,800000,1,0.6,Partially compliant
370,Immofinanz,real_estate,Austria,55734.71,60000,1,132581.28,130000,0,21.3,25,0,10016.49,8000,0,163313.76,150000,0,0.2,Partially compliant
371,TAG Immobilien,real_estate,Germany,49025.63,60000,1,107890.7,130000,1,26.67,25,1,9913.74,8000,0,141592.12,150000,1,0.8,Partially compliant
372,ID Logistics Group,transportation,France,361825.9,400000,1,744854.84,800000,1,52.56,45,1,127751.82,100000,0,603818.32,700000,1,0.8,Partially compliant
373,Ebro Foods,food,Spain,208511.06,200000,0,473486.55,400000,0,30.13,35,0,144760.87,120000,0,596565.97,600000,1,0.2,Partially compliant
374,VGP NV,real_estate,Belgium,64169.02,60000,0,150891.3,130000,0,25.36,25,1,8804.28,8000,0,188701.05,150000,0,0.2,Partially compliant
375,Wihlborgs Fastigheter AB,real_estate,Sweden,53468.8,60000,1,111034.19,130000,1,14.12,25,0,7484.51,8000,1,156474.21,150000,0,0.6,Partially compliant
376,HELLENiQ ENERGY,energy,Greece,391006.69,500000,1,960832.68,1000000,1,62.1,50,1,221444.08,200000,0,946068.79,1000000,1,0.8,Partially compliant
377,Pluxee,services,France,42903.98,40000,0,80994.93,100000,1,12.32,20,0,3486.27,4000,1,91112.06,80000,0,0.4,Partially compliant
378,Kojamo,real_estate,Finland,57641.2,60000,1,129447.6,130000,1,21.1,25,0,9627.56,8000,0,202532.72,150000,0,0.4,Partially compliant
379,Globant,tech,Luxembourg,36915.06,50000,1,127886.65,120000,0,15.99,20,0,5151.52,5000,0,137856.37,100000,0,0.2,Partially compliant
380,Loomis AB,transportation,Sweden,475590.44,400000,0,861072.26,800000,0,57.81,45,1,105689.19,100000,0,788882.79,700000,0,0.2,Partially compliant
381,SES S.A.,tech,Luxembourg,41935.57,50000,1,128613.8,120000,0,19.49,20,0,4550.71,5000,1,96034.66,100000,1,0.6,Partially compliant
382,DO &amp,food,Austria,145846.09,200000,1,415736.27,400000,0,29.82,35,0,129260.82,120000,0,784147.95,600000,0,0.2,Partially compliant
383,LEW (Lechwerke),energy,Germany,523390.03,500000,0,906648.83,1000000,1,27.79,50,0,223338.43,200000,0,1212861.43,1000000,0,0.2,Partially compliant
384,Unibel S.A.,food,France,175798.79,200000,1,345538.48,400000,1,31.27,35,0,107296.66,120000,1,655354.8,600000,0,0.6,Partially compliant
385,Bavarian Nordic,biotech,Denmark,95328.8,80000,0,188124.85,180000,0,17.49,30,0,19096.53,20000,1,286914.66,300000,1,0.4,Partially compliant
386,BioArctic AB,biotech,Sweden,92910.1,80000,0,225349.72,180000,0,15.82,30,0,16396.55,20000,1,369604.75,300000,0,0.2,Partially compliant
387,Almirall,biotech,Spain,94260.57,80000,0,166710.81,180000,1,31.5,30,1,25612.38,20000,0,256838.61,300000,1,0.6,Partially compliant
388,Benefit Systems,services,Poland,34498.95,40000,1,90207.11,100000,1,21.62,20,1,3780.69,4000,1,75755.16,80000,1,1.0,Fully compliant
389,Carmila,financial,France,22212.53,20000,0,62256.95,60000,0,14.88,20,0,1877.27,2000,1,54198.86,50000,0,0.2,Partially compliant
390,SociÃ¯Â¿Â½tÃ¯Â¿Â½ Industrielle et FinanciÃ¯Â¿Â½re de l'Artois,financial,France,17773.56,20000,1,50799.83,60000,1,16.18,20,0,2015.52,2000,0,61189.03,50000,0,0.4,Partially compliant
391,Corem Property Group AB,real_estate,Sweden,50746.99,60000,1,111040.29,130000,1,15.62,25,0,9229.92,8000,0,127699.45,150000,1,0.6,Partially compliant
392,Proximus,tech,Belgium,58074.44,50000,0,130842.37,120000,0,19.62,20,0,4575.46,5000,1,116158.25,100000,0,0.2,Partially compliant
393,Coface,insurance,France,26535.38,25000,0,63008.03,70000,1,16.56,20,0,2651.16,2500,0,54051.77,60000,1,0.4,Partially compliant
394,Catena AB,real_estate,Sweden,45824.53,60000,1,149526.47,130000,0,30.4,25,1,7396.12,8000,1,185386.47,150000,0,0.6,Partially compliant
395,Altarea,real_estate,France,50164.38,60000,1,110005.0,130000,1,12.76,25,0,6892.57,8000,1,200762.49,150000,0,0.6,Partially compliant
396,Fabege AB,real_estate,Sweden,50080.04,60000,1,159738.66,130000,0,26.21,25,1,8476.5,8000,0,160074.76,150000,0,0.4,Partially compliant
397,ALTEN,services,France,33475.87,40000,1,87507.85,100000,1,15.38,20,0,4327.96,4000,0,70015.08,80000,1,0.6,Partially compliant
398,Bank fÃ¯Â¿Â½r Tirol und Vorarlberg,bank,Austria,21966.62,30000,1,114128.83,90000,0,13.01,20,0,2699.58,3000,1,83093.6,70000,0,0.4,Partially compliant
399,Cenergy Holdings,energy,Belgium,514023.46,500000,0,972256.3,1000000,1,53.17,50,1,212242.17,200000,0,846664.21,1000000,1,0.6,Partially compliant
400,NewAmsterdam Pharma Company,biotech,Netherlands,91805.59,80000,0,229732.54,180000,0,26.02,30,0,20987.92,20000,0,241259.56,300000,1,0.2,Partially compliant
401,Van Lanschot Kempen,bank,Netherlands,25545.85,30000,1,105958.16,90000,0,24.16,20,1,2646.05,3000,1,66355.5,70000,1,0.8,Partially compliant
402,Enea,energy,Poland,522040.77,500000,0,1171899.5,1000000,0,45.54,50,0,183664.66,200000,1,1155496.64,1000000,0,0.2,Partially compliant
403,Hufvudstaden AB,real_estate,Sweden,65286.32,60000,0,114777.22,130000,1,31.81,25,1,10378.57,8000,0,185936.8,150000,0,0.4,Partially compliant
404,Sinch,tech,Sweden,46679.56,50000,1,142694.8,120000,0,21.8,20,1,4708.89,5000,1,84363.67,100000,1,0.8,Partially compliant
405,CMB.TECH,energy,Belgium,522453.11,500000,0,1040494.98,1000000,0,61.14,50,1,249781.57,200000,0,956582.22,1000000,1,0.4,Partially compliant
406,Hemnet Group AB,tech,Sweden,40532.49,50000,1,149702.87,120000,0,15.57,20,0,5632.55,5000,0,116093.93,100000,0,0.2,Partially compliant
407,BIC,manufacturing,France,223206.56,300000,1,644849.25,500000,0,29.01,35,0,146788.56,150000,1,1047447.01,800000,0,0.4,Partially compliant
408,CA Immo,real_estate,Austria,59964.84,60000,1,108851.96,130000,1,15.19,25,0,10337.35,8000,0,196139.73,150000,0,0.4,Partially compliant
409,Forvia SE,manufacturing,France,255041.73,300000,1,633176.63,500000,0,22.42,35,0,142125.4,150000,1,707678.39,800000,1,0.6,Partially compliant
410,Kinnevik,financial,Sweden,17803.92,20000,1,55318.98,60000,1,12.98,20,0,1803.45,2000,1,67196.48,50000,0,0.6,Partially compliant
411,Ceconomy,retail,Germany,64791.07,70000,1,178916.6,150000,0,16.28,25,0,8613.71,10000,1,242922.34,200000,0,0.4,Partially compliant
412,Tradegate Exchange,financial,Germany,22733.89,20000,0,50864.55,60000,1,10.15,20,0,2186.68,2000,0,59505.74,50000,0,0.2,Partially compliant
413,BFF Bank,bank,Italy,32466.14,30000,0,115844.59,90000,0,13.5,20,0,3478.14,3000,0,60039.78,70000,1,0.2,Partially compliant
414,FinanciÃ¯Â¿Â½re Moncey SociÃ¯Â¿Â½tÃ¯Â¿Â½ anonyme,financial,France,21383.92,20000,0,50327.86,60000,1,14.92,20,0,2402.27,2000,0,43061.13,50000,1,0.4,Partially compliant
415,Bakkafrost,food,Denmark,192057.47,200000,1,353703.75,400000,1,39.1,35,1,127119.6,120000,0,565310.9,600000,1,0.8,Partially compliant
416,Antin Infrastructure Partners,financial,France,17538.87,20000,1,75493.3,60000,0,24.49,20,1,1864.39,2000,1,67799.04,50000,0,0.6,Partially compliant
417,Hornbach Baumarkt,retail,Germany,73021.51,70000,0,185999.96,150000,0,24.34,25,0,9570.2,10000,1,263940.6,200000,0,0.2,Partially compliant
418,XTB S.A.,financial,Poland,17457.23,20000,1,57528.47,60000,1,20.04,20,1,2551.12,2000,0,42964.23,50000,1,0.8,Partially compliant
419,MFE-Mediaforeurope,entertainment,Italy,101673.24,100000,0,229729.72,200000,0,24.48,30,0,33054.68,30000,0,311362.6,250000,0,0.0,Non compliant
420,KRUK SpÃ¯Â¿Â½lka Akcyjna,financial,Poland,18796.87,20000,1,55378.54,60000,1,18.31,20,0,1959.28,2000,1,43481.05,50000,1,0.8,Partially compliant
421,SÃ¯Â¿Â½dzucker,food,Germany,209421.24,200000,0,419185.94,400000,0,38.52,35,1,150273.86,120000,0,698544.77,600000,0,0.2,Partially compliant
422,Anima Holding,financial,Italy,15061.91,20000,1,73484.05,60000,0,13.22,20,0,2174.53,2000,0,49081.23,50000,1,0.4,Partially compliant
423,Betsson AB,entertainment,Sweden,80075.93,100000,1,201117.27,200000,0,30.2,30,1,34262.26,30000,0,207698.74,250000,1,0.6,Partially compliant
424,Lisi S.A.,manufacturing,France,237001.5,300000,1,519057.84,500000,0,39.73,35,1,139686.15,150000,1,668764.07,800000,1,0.8,Partially compliant
425,Solvac,financial,Belgium,16629.05,20000,1,70945.41,60000,0,15.11,20,0,1782.13,2000,1,62509.56,50000,0,0.4,Partially compliant
426,NOS,tech,Portugal,55592.57,50000,0,100235.13,120000,1,19.12,20,0,4261.44,5000,1,111044.63,100000,0,0.4,Partially compliant
427,OPmobility,manufacturing,France,259760.87,300000,1,497907.3,500000,1,27.45,35,0,130315.52,150000,1,847432.82,800000,0,0.6,Partially compliant
428,MVV Energie,energy,Germany,598860.44,500000,0,1180329.08,1000000,0,50.22,50,1,190962.28,200000,1,1193112.23,1000000,0,0.4,Partially compliant
429,REN (Redes EnergÃ¯Â¿Â½ticas Nacionais),energy,Portugal,593217.76,500000,0,982569.45,1000000,1,47.71,50,0,161428.23,200000,1,1207583.33,1000000,0,0.4,Partially compliant
430,Peugeot Invest SociÃ¯Â¿Â½tÃ¯Â¿Â½ anonyme,financial,France,14920.47,20000,1,68259.73,60000,0,19.32,20,0,2041.8,2000,0,42007.85,50000,1,0.4,Partially compliant
431,NV Bekaert,manufacturing,Belgium,298999.07,300000,1,412716.23,500000,1,22.16,35,0,166743.08,150000,0,974774.93,800000,0,0.4,Partially compliant
432,Grand City Properties,real_estate,Luxembourg,55859.83,60000,1,154953.56,130000,0,31.59,25,1,7268.25,8000,1,123728.32,150000,1,0.8,Partially compliant
433,AddLife AB,healthcare,Sweden,119869.23,120000,1,281792.49,250000,0,34.87,30,1,64288.54,50000,0,389317.03,400000,1,0.6,Partially compliant
434,Clas Ohlson AB,retail,Sweden,53980.78,70000,1,123489.62,150000,1,18.93,25,0,11608.92,10000,0,259745.97,200000,0,0.4,Partially compliant
435,Bure Equity AB,financial,Sweden,19189.88,20000,1,77415.17,60000,0,11.04,20,0,2496.26,2000,0,55989.7,50000,0,0.2,Partially compliant
436,Exail Technologies,tech,France,54253.12,50000,0,112183.8,120000,1,17.52,20,0,5278.43,5000,0,99745.64,100000,1,0.4,Partially compliant
437,ProSiebenSat.1 Media,entertainment,Germany,114713.57,100000,0,186068.49,200000,1,25.16,30,0,37455.9,30000,0,261931.34,250000,0,0.2,Partially compliant
438,TietoEVRY,services,Finland,41335.94,40000,0,127765.57,100000,0,12.44,20,0,4893.67,4000,0,105289.84,80000,0,0.0,Non compliant
439,Cyfrowy Polsat,tech,Poland,37430.6,50000,1,127406.4,120000,0,11.02,20,0,4004.34,5000,1,124535.02,100000,0,0.4,Partially compliant
440,Star Bulk Carriers,transportation,Greece,373638.63,400000,1,746291.86,800000,1,44.82,45,0,94543.42,100000,1,589780.96,700000,1,0.8,Partially compliant
441,Mainova,energy,Germany,433050.19,500000,1,1088449.27,1000000,0,30.14,50,0,235859.92,200000,0,1243751.38,1000000,0,0.2,Partially compliant
442,Galapagos NV,biotech,Belgium,79744.51,80000,1,229003.6,180000,0,29.18,30,0,25049.5,20000,0,326343.85,300000,0,0.2,Partially compliant
443,Grenergy Renovables,energy,Spain,514208.03,500000,0,1045750.14,1000000,0,39.76,50,0,216431.46,200000,0,938644.66,1000000,1,0.2,Partially compliant
444,Ermenegildo Zegna,retail,Italy,70759.9,70000,0,185506.35,150000,0,30.93,25,1,9222.05,10000,1,245228.4,200000,0,0.4,Partially compliant
445,Atrium Ljungberg,real_estate,Sweden,51239.9,60000,1,145039.69,130000,0,30.34,25,1,9381.3,8000,0,193528.98,150000,0,0.4,Partially compliant
446,TF1,entertainment,France,72129.65,100000,1,188727.21,200000,1,16.15,30,0,37237.6,30000,0,231947.72,250000,1,0.6,Partially compliant
447,Moltiply Group (Gruppo Mutuionline),financial,Italy,14143.36,20000,1,69845.2,60000,0,19.26,20,0,2339.72,2000,0,67052.33,50000,0,0.2,Partially compliant
448,Construcciones y Auxiliar de Ferrocarriles,manufacturing,Spain,326261.95,300000,0,616697.93,500000,0,37.68,35,1,133229.21,150000,1,736794.03,800000,1,0.6,Partially compliant
449,Solaria EnergÃ¯Â¿Â½a,energy,Spain,542172.68,500000,0,917325.75,1000000,1,42.67,50,0,229361.52,200000,0,1341873.41,1000000,0,0.2,Partially compliant
450,STEF SA,transportation,France,409929.75,400000,0,1001725.22,800000,0,51.82,45,1,123935.67,100000,0,864382.23,700000,0,0.2,Partially compliant
451,Caisse RÃ¯Â¿Â½gionale de CrÃ¯Â¿Â½dit Agricole Mutuel du Languedoc,bank,France,33175.69,30000,0,96003.7,90000,0,21.37,20,1,2628.74,3000,1,89376.39,70000,0,0.4,Partially compliant
452,Wacker Neuson,manufacturing,Germany,293040.01,300000,1,484644.49,500000,1,21.16,35,0,143021.53,150000,1,1026863.34,800000,0,0.6,Partially compliant
453,Optima bank,bank,Greece,29208.75,30000,1,77155.75,90000,1,10.35,20,0,3808.85,3000,0,84366.72,70000,0,0.4,Partially compliant
454,Believe S.A.,entertainment,France,71061.02,100000,1,226103.87,200000,0,29.04,30,0,32523.94,30000,0,210363.39,250000,1,0.4,Partially compliant
455,Embracer Group,entertainment,Sweden,84838.56,100000,1,176365.81,200000,1,21.02,30,0,35866.27,30000,0,276446.87,250000,0,0.4,Partially compliant
456,Ariston Holding,manufacturing,Italy,318569.94,300000,0,546596.65,500000,0,38.41,35,1,139820.73,150000,1,702192.76,800000,1,0.6,Partially compliant
457,Vitrolife AB,biotech,Sweden,90400.85,80000,0,230731.65,180000,0,37.0,30,1,23959.42,20000,0,386694.65,300000,0,0.2,Partially compliant
458,Argan SA,financial,France,16156.85,20000,1,67692.32,60000,0,22.01,20,1,1738.1,2000,1,57087.13,50000,0,0.6,Partially compliant
459,Paradox Interactive,entertainment,Sweden,88547.33,100000,1,169362.67,200000,1,33.89,30,1,35510.32,30000,0,253498.79,250000,0,0.6,Partially compliant
460,MÃ¯Â¿Â½tropole TÃ¯Â¿Â½lÃ¯Â¿Â½vision (Groupe M6),entertainment,France,97521.6,100000,1,182466.37,200000,1,25.5,30,0,32496.98,30000,0,324358.07,250000,0,0.4,Partially compliant
461,Atoss,tech,Germany,38956.52,50000,1,125783.91,120000,0,17.84,20,0,5106.58,5000,0,131332.07,100000,0,0.2,Partially compliant
462,Hornbach Holding,retail,Germany,54976.39,70000,1,194582.87,150000,0,16.21,25,0,10491.67,10000,0,173178.21,200000,1,0.4,Partially compliant
463,Redcare Pharmacy,tech,Netherlands,54128.93,50000,0,137561.6,120000,0,11.23,20,0,6213.23,5000,0,87503.21,100000,1,0.2,Partially compliant
464,Gimv NV,financial,Belgium,22718.97,20000,0,74759.95,60000,0,14.45,20,0,1653.73,2000,1,60826.38,50000,0,0.2,Partially compliant
465,Icade,financial,France,21890.85,20000,0,77400.76,60000,0,22.06,20,1,2078.83,2000,0,55503.47,50000,0,0.2,Partially compliant
466,OVH Groupe,tech,France,44836.53,50000,1,102543.87,120000,1,23.42,20,1,5181.75,5000,0,117665.82,100000,0,0.6,Partially compliant
467,Ipsos,services,France,40596.25,40000,0,92089.01,100000,1,14.25,20,0,5045.19,4000,0,82836.63,80000,0,0.2,Partially compliant
468,Montea Comm,real_estate,Belgium,47245.66,60000,1,136136.9,130000,0,29.83,25,1,7388.97,8000,1,173186.17,150000,0,0.6,Partially compliant
469,Jeudan,real_estate,Denmark,50764.44,60000,1,143663.38,130000,0,29.07,25,1,7939.87,8000,1,188761.13,150000,0,0.6,Partially compliant
470,Metrovacesa,real_estate,Spain,42818.29,60000,1,133094.44,130000,0,25.94,25,1,8654.17,8000,0,150827.07,150000,0,0.4,Partially compliant
471,KSB SE & Co. KgaA,manufacturing,Germany,320411.34,300000,0,469794.52,500000,1,39.34,35,1,150388.28,150000,0,746815.72,800000,1,0.6,Partially compliant
472,Pfeiffer Vacuum,manufacturing,Germany,279401.84,300000,1,458356.94,500000,1,33.74,35,0,124859.52,150000,1,1109699.18,800000,0,0.6,Partially compliant
473,Neinor Homes,real_estate,Spain,58561.27,60000,1,159325.06,130000,0,29.65,25,1,9141.91,8000,0,131581.63,150000,1,0.6,Partially compliant
474,Kontron AG,tech,Austria,58905.74,50000,0,130165.83,120000,0,14.21,20,0,4455.31,5000,1,87826.39,100000,1,0.4,Partially compliant
475,Netcompany Group,services,Denmark,36700.38,40000,1,85024.75,100000,1,11.83,20,0,4734.07,4000,0,77223.39,80000,1,0.6,Partially compliant
476,Fagron,biotech,Belgium,59208.72,80000,1,169187.72,180000,1,38.03,30,1,23900.72,20000,0,311680.13,300000,0,0.6,Partially compliant
477,Vimian Group,healthcare,Sweden,87460.03,120000,1,317233.87,250000,0,28.01,30,0,50337.29,50000,0,481970.4,400000,0,0.2,Partially compliant
478,Storskogen Group,financial,Sweden,19030.3,20000,1,67750.34,60000,0,22.96,20,1,2092.1,2000,0,62969.65,50000,0,0.4,Partially compliant
479,Prodea Real Estate Investment Company,financial,Greece,15029.83,20000,1,67784.23,60000,0,13.36,20,0,1628.15,2000,1,41218.39,50000,1,0.6,Partially compliant
480,Dom Development,real_estate,Poland,46120.55,60000,1,156075.08,130000,0,23.38,25,0,9427.81,8000,0,168075.0,150000,0,0.2,Partially compliant
481,Eurocommercial Properties,financial,Netherlands,16239.74,20000,1,72815.27,60000,0,15.01,20,0,1680.85,2000,1,54890.28,50000,0,0.4,Partially compliant
482,(DIA) Distribuidora Internacional de AlimentaciÃ¯Â¿Â½n,food,Spain,197572.72,200000,1,432420.25,400000,0,44.12,35,1,120236.25,120000,0,686204.57,600000,0,0.4,Partially compliant
483,Gerresheimer,manufacturing,Germany,303673.98,300000,0,431371.83,500000,1,43.55,35,1,187021.13,150000,0,1002616.34,800000,0,0.4,Partially compliant
484,Aixtron,manufacturing,Germany,290334.97,300000,1,410749.05,500000,1,39.05,35,1,194116.66,150000,0,733358.78,800000,1,0.8,Partially compliant
485,Eutelsat,tech,France,59834.17,50000,0,116524.6,120000,1,13.27,20,0,5230.12,5000,0,133078.63,100000,0,0.2,Partially compliant
486,Pharma Mar,biotech,Spain,61352.8,80000,1,191936.7,180000,0,37.53,30,1,24607.1,20000,0,336903.36,300000,0,0.4,Partially compliant
487,Elmos Semiconductor,tech,Germany,54437.85,50000,0,131906.63,120000,0,18.58,20,0,4214.28,5000,1,86255.87,100000,1,0.4,Partially compliant
488,Realia Business,real_estate,Spain,48299.15,60000,1,146264.3,130000,0,31.6,25,1,10065.04,8000,0,152017.57,150000,0,0.4,Partially compliant
489,Danaos,transportation,Greece,397937.13,400000,1,818879.96,800000,0,37.21,45,0,110533.98,100000,0,630072.39,700000,1,0.4,Partially compliant
490,Friedrich Vorwerk Group,energy,Germany,372717.9,500000,1,1044773.34,1000000,0,48.31,50,0,171231.97,200000,1,944338.28,1000000,1,0.6,Partially compliant
491,TeamViewer,tech,Germany,44219.0,50000,1,144511.24,120000,0,22.37,20,1,4495.07,5000,1,91204.06,100000,1,0.8,Partially compliant
492,Xior Student Housing,financial,Belgium,18862.67,20000,1,50817.69,60000,1,23.18,20,1,1733.77,2000,1,54880.33,50000,0,0.8,Partially compliant
493,Caisse RÃ¯Â¿Â½gionale de CrÃ¯Â¿Â½dit Agricole Mutuel Nord de France,bank,France,28402.89,30000,1,99252.48,90000,0,13.79,20,0,3050.99,3000,0,62976.65,70000,1,0.4,Partially compliant
494,NP3 Fastigheter AB,real_estate,Sweden,53007.81,60000,1,161066.23,130000,0,17.78,25,0,6469.64,8000,1,130236.37,150000,1,0.6,Partially compliant
495,TKH Group,manufacturing,Netherlands,271212.46,300000,1,426085.86,500000,1,26.16,35,0,158691.57,150000,0,830616.84,800000,0,0.4,Partially compliant
496,Deutsche EuroShop,financial,Germany,16653.4,20000,1,53532.0,60000,1,21.81,20,1,2161.02,2000,0,65543.66,50000,0,0.6,Partially compliant
497,Nolato AB,manufacturing,Sweden,261503.92,300000,1,608550.37,500000,0,25.53,35,0,163346.5,150000,0,1069292.61,800000,0,0.2,Partially compliant
498,Truecaller,tech,Sweden,36573.37,50000,1,145082.66,120000,0,20.62,20,1,5519.11,5000,0,113224.63,100000,0,0.4,Partially compliant
499,Biotest,biotech,Germany,90842.72,80000,0,159357.73,180000,1,24.87,30,0,21538.24,20000,0,311066.57,300000,0,0.2,Partially compliant
500,Fluxys Belgium,energy,Belgium,464592.98,500000,1,951106.93,1000000,1,40.66,50,0,251290.9,200000,0,1226834.96,1000000,0,0.4,Partially compliant
501,Soitec,tech,France,38801.77,50000,1,102716.47,120000,1,15.38,20,0,5650.03,5000,0,131540.36,100000,0,0.4,Partially compliant
502,Terveystalo,healthcare,Finland,111762.2,120000,1,223532.91,250000,1,26.71,30,0,46104.02,50000,1,494902.34,400000,0,0.6,Partially compliant
503,Douglas Group,retail,Germany,57144.57,70000,1,151587.42,150000,0,13.6,25,0,11803.41,10000,0,226161.91,200000,0,0.2,Partially compliant
504,Vitec Software Group,tech,Sweden,54669.53,50000,0,144258.11,120000,0,24.16,20,1,6451.09,5000,0,113656.59,100000,0,0.2,Partially compliant
505,Faes Farma,biotech,Spain,80154.57,80000,0,218606.83,180000,0,30.22,30,1,16395.78,20000,1,341379.59,300000,0,0.4,Partially compliant
506,Cimpress,tech,Ireland,51275.04,50000,0,101853.75,120000,1,18.53,20,0,4726.95,5000,1,80733.76,100000,1,0.6,Partially compliant
507,Planisware,tech,France,55513.57,50000,0,136609.29,120000,0,11.45,20,0,6206.78,5000,0,106526.83,100000,0,0.0,Non compliant
508,Pharvaris,biotech,Netherlands,60782.04,80000,1,174531.5,180000,1,37.51,30,1,16183.86,20000,1,304070.68,300000,0,0.8,Partially compliant
509,Palfinger,manufacturing,Austria,269528.87,300000,1,595028.37,500000,0,20.26,35,0,172851.76,150000,0,714404.83,800000,1,0.4,Partially compliant
510,Ubisoft,entertainment,France,85392.42,100000,1,241058.37,200000,0,22.6,30,0,37553.18,30000,0,291869.21,250000,0,0.2,Partially compliant
511,Cibus Nordic Real Estate,real_estate,Sweden,68356.72,60000,0,139450.13,130000,0,24.11,25,0,9924.31,8000,0,159678.62,150000,0,0.0,Non compliant
512,New Wave Group,retail,Sweden,49410.49,70000,1,137797.66,150000,1,19.93,25,0,11769.37,10000,0,209337.35,200000,0,0.4,Partially compliant
513,Norion Bank,bank,Sweden,32819.23,30000,0,79451.83,90000,1,12.66,20,0,3876.54,3000,0,78162.83,70000,0,0.2,Partially compliant
514,secunet,tech,Germany,45417.43,50000,1,155003.9,120000,0,11.75,20,0,4836.94,5000,1,99560.43,100000,1,0.6,Partially compliant
515,Avadel Pharmaceuticals,biotech,Ireland,92641.0,80000,0,166990.95,180000,1,23.35,30,0,23838.81,20000,0,332711.95,300000,0,0.2,Partially compliant
516,DEUTZ,manufacturing,Germany,250062.65,300000,1,422176.92,500000,1,32.86,35,0,124540.65,150000,1,830058.49,800000,0,0.6,Partially compliant
517,Nexus AG,tech,Germany,48193.8,50000,1,116838.49,120000,1,23.38,20,1,5686.61,5000,0,118408.6,100000,0,0.6,Partially compliant
518,Qt Group,tech,Finland,35770.44,50000,1,96399.31,120000,1,15.64,20,0,4341.92,5000,1,113975.95,100000,0,0.6,Partially compliant
519,Wavestone SA,services,France,29649.46,40000,1,96068.25,100000,1,10.06,20,0,5181.06,4000,0,65175.87,80000,1,0.6,Partially compliant
520,ChemoMetec,biotech,Denmark,72888.86,80000,1,147856.68,180000,1,35.62,30,1,21265.49,20000,0,404503.63,300000,0,0.6,Partially compliant
521,Italmobiliare,food,Italy,157556.6,200000,1,370804.5,400000,1,32.73,35,0,98742.86,120000,1,524334.02,600000,1,0.8,Partially compliant
522,HelloFresh,food,Germany,218442.25,200000,0,489154.3,400000,0,23.33,35,0,124515.64,120000,0,817054.31,600000,0,0.0,Non compliant
523,Electrica,energy,Romania,597493.99,500000,0,1181943.27,1000000,0,51.98,50,1,181012.2,200000,1,1352029.4,1000000,0,0.4,Partially compliant
524,Barco NV,manufacturing,Belgium,285283.08,300000,1,626359.22,500000,0,41.29,35,1,187597.66,150000,0,956963.59,800000,0,0.4,Partially compliant
525,Dole PLC,food,Ireland,205430.93,200000,0,477513.54,400000,0,34.86,35,0,141357.05,120000,0,588531.18,600000,1,0.2,Partially compliant
526,SeSa S.p.A.,services,Italy,42816.81,40000,0,129936.02,100000,0,16.77,20,0,4883.59,4000,0,93669.75,80000,0,0.0,Non compliant
527,About You,retail,Germany,76414.56,70000,0,173355.86,150000,0,26.15,25,1,8618.73,10000,1,220060.85,200000,0,0.4,Partially compliant
528,thyssenkrupp nucera,energy,Germany,596243.5,500000,0,878189.55,1000000,1,47.41,50,0,239769.19,200000,0,1030093.5,1000000,0,0.2,Partially compliant
529,CompuGroup Medical,healthcare,Germany,102373.38,120000,1,239574.85,250000,1,29.42,30,0,43543.16,50000,1,418463.86,400000,0,0.6,Partially compliant
530,Caisse RÃ¯Â¿Â½gionale de CrÃ¯Â¿Â½dit Agricole Mutuel Alpes Provence,bank,France,30702.35,30000,0,112361.85,90000,0,19.34,20,0,3843.08,3000,0,62296.9,70000,1,0.2,Partially compliant
531,Karnov Group,services,Sweden,36010.75,40000,1,99021.19,100000,1,13.96,20,0,4803.35,4000,0,84027.77,80000,0,0.4,Partially compliant
532,B.F. S.p.A.,food,Italy,196480.79,200000,1,378558.19,400000,1,18.57,35,0,108933.96,120000,1,592755.91,600000,1,0.8,Partially compliant
533,Sanlorenzo,manufacturing,Italy,317252.21,300000,0,575632.73,500000,0,22.12,35,0,178472.82,150000,0,777707.99,800000,1,0.2,Partially compliant
534,Siltronic,tech,Germany,59587.08,50000,0,102061.2,120000,1,12.49,20,0,5955.53,5000,0,132181.91,100000,0,0.2,Partially compliant
535,Caisse rÃ¯Â¿Â½gionale de CrÃ¯Â¿Â½dit Agricole Mutuel Atlantique VendÃ¯Â¿Â½e,bank,France,22795.66,30000,1,75488.05,90000,1,21.94,20,1,2732.62,3000,1,75681.32,70000,0,0.8,Partially compliant
536,Navitas Semiconductor,tech,Ireland,37669.75,50000,1,151100.53,120000,0,15.48,20,0,6106.97,5000,0,96723.08,100000,1,0.4,Partially compliant
537,Puuilo,retail,Finland,63739.49,70000,1,183921.68,150000,0,18.4,25,0,12457.73,10000,0,172602.53,200000,1,0.4,Partially compliant
538,Ã¯Â¿Â½lectricite de Strasbourg,energy,France,364511.17,500000,1,1126167.16,1000000,0,55.28,50,1,203248.19,200000,0,1338644.63,1000000,0,0.4,Partially compliant
539,Ramsay GÃ¯Â¿Â½nÃ¯Â¿Â½rale de SantÃ¯Â¿Â½,healthcare,France,129058.94,120000,0,251769.49,250000,0,23.79,30,0,62596.95,50000,0,532125.49,400000,0,0.0,Non compliant
540,Modern Times Group (MTG),entertainment,Sweden,108279.87,100000,0,199764.84,200000,1,15.3,30,0,38070.68,30000,0,200151.72,250000,1,0.4,Partially compliant
541,Criteo,tech,France,39107.68,50000,1,96029.69,120000,1,11.58,20,0,4503.69,5000,1,91454.46,100000,1,0.8,Partially compliant
542,Northern Data AG,tech,Germany,37916.74,50000,1,98634.57,120000,1,20.53,20,1,4137.34,5000,1,125097.7,100000,0,0.8,Partially compliant
543,VIEL & Cie,financial,France,15519.99,20000,1,71364.91,60000,0,24.2,20,1,1959.51,2000,1,57767.34,50000,0,0.6,Partially compliant
544,Adtran Networks,tech,Germany,50168.9,50000,0,116633.35,120000,1,22.83,20,1,6342.05,5000,0,115785.06,100000,0,0.4,Partially compliant
545,Evotec,biotech,Germany,90769.87,80000,0,183405.6,180000,0,15.2,30,0,16038.54,20000,1,282592.05,300000,1,0.4,Partially compliant
546,Cosmo Pharmaceuticals,biotech,Ireland,73599.28,80000,1,149726.1,180000,1,24.34,30,0,23468.19,20000,0,326545.68,300000,0,0.4,Partially compliant
547,engcon AB,manufacturing,Sweden,235139.53,300000,1,519049.11,500000,0,33.32,35,0,179241.3,150000,0,988904.57,800000,0,0.2,Partially compliant
548,AMS-Osram,manufacturing,Austria,327136.01,300000,0,619388.0,500000,0,22.35,35,0,120238.06,150000,1,862811.16,800000,0,0.2,Partially compliant
549,PNE AG,energy,Germany,372944.96,500000,1,977500.13,1000000,1,42.98,50,0,178986.38,200000,1,1079997.85,1000000,0,0.6,Partially compliant
550,Comer Industries,manufacturing,Italy,337195.04,300000,0,613168.9,500000,0,43.61,35,1,152458.86,150000,0,863953.36,800000,0,0.2,Partially compliant
551,Cembre S.p.A.,manufacturing,Italy,320304.14,300000,0,417750.0,500000,1,22.77,35,0,164565.66,150000,0,689156.07,800000,1,0.4,Partially compliant
552,Yubico,tech,Sweden,53922.29,50000,0,128326.7,120000,0,14.85,20,0,5546.55,5000,0,95735.92,100000,1,0.2,Partially compliant
553,Prosegur Cash,transportation,Spain,372019.31,400000,1,950830.38,800000,0,25.4,45,0,109896.16,100000,0,896396.94,700000,0,0.2,Partially compliant
554,Sedlmayr Grund und Immobilien AG,real_estate,Germany,57538.27,60000,1,107382.78,130000,1,16.23,25,0,7785.7,8000,1,209375.33,150000,0,0.6,Partially compliant
555,Grupa Pracuj,services,Poland,46140.89,40000,0,120147.01,100000,0,10.96,20,0,4165.87,4000,0,82139.69,80000,0,0.0,Non compliant
556,Lenzing,manufacturing,Austria,257819.24,300000,1,510195.37,500000,0,21.31,35,0,131492.53,150000,1,664736.99,800000,1,0.6,Partially compliant
557,Rusta AB,retail,Sweden,80184.44,70000,0,127755.18,150000,1,14.98,25,0,12440.96,10000,0,214442.4,200000,0,0.2,Partially compliant
558,Curevac,biotech,Germany,82546.07,80000,0,222156.82,180000,0,30.32,30,1,16324.9,20000,1,415943.33,300000,0,0.4,Partially compliant
559,Biotage AB,biotech,Sweden,92753.88,80000,0,146884.09,180000,1,22.15,30,0,21215.56,20000,0,408803.29,300000,0,0.2,Partially compliant
560,Polenergia,energy,Poland,354725.21,500000,1,927024.69,1000000,1,35.15,50,0,201304.03,200000,0,1222499.8,1000000,0,0.4,Partially compliant
561,Mercialys,financial,France,14245.94,20000,1,66521.98,60000,0,20.0,20,1,1711.57,2000,1,48302.29,50000,1,0.8,Partially compliant
562,GasLog,energy,Greece,440353.47,500000,1,933837.76,1000000,1,28.11,50,0,255577.65,200000,0,948406.4,1000000,1,0.6,Partially compliant
563,OVS S.p.A.,retail,Italy,54290.12,70000,1,166346.45,150000,0,19.42,25,0,11405.98,10000,0,211165.92,200000,0,0.2,Partially compliant
564,Corbion,food,Netherlands,202143.11,200000,0,411945.93,400000,0,23.2,35,0,155328.66,120000,0,581443.88,600000,1,0.2,Partially compliant
565,Neurones,services,France,30446.33,40000,1,127756.24,100000,0,16.05,20,0,3544.26,4000,1,104713.84,80000,0,0.4,Partially compliant
566,Telia Lietuva,tech,Lithuania,36079.0,50000,1,127681.01,120000,0,15.88,20,0,5724.97,5000,0,139640.71,100000,0,0.2,Partially compliant
567,Banco di Desio e della Brianza,bank,Italy,34581.19,30000,0,89828.19,90000,1,11.18,20,0,2851.13,3000,1,89143.02,70000,0,0.4,Partially compliant
568,LuxExperience,retail,Germany,78857.29,70000,0,153130.43,150000,0,15.72,25,0,9395.24,10000,1,256633.59,200000,0,0.2,Partially compliant
569,Trustpilot Group,tech,Denmark,58693.72,50000,0,110235.33,120000,1,12.22,20,0,4980.27,5000,1,99182.96,100000,1,0.6,Partially compliant
570,Caisse RÃ¯Â¿Â½gionale de CrÃ¯Â¿Â½dit Agricole Mutuel Sud RhÃ¯Â¿Â½ne Alpes,bank,France,32115.04,30000,0,112608.3,90000,0,17.06,20,0,3276.1,3000,0,85945.1,70000,0,0.0,Non compliant
571,Retail Estates NV,financial,Belgium,21206.35,20000,0,68077.85,60000,0,10.95,20,0,2222.76,2000,0,59576.81,50000,0,0.0,Non compliant
572,Hypoport,financial,Germany,20797.03,20000,0,77182.56,60000,0,22.94,20,1,2463.31,2000,0,61124.87,50000,0,0.2,Partially compliant
573,Altareit,real_estate,France,57754.38,60000,1,142661.97,130000,0,13.95,25,0,6490.87,8000,1,155609.86,150000,0,0.4,Partially compliant
574,Creades AB,financial,Sweden,23632.89,20000,0,66836.42,60000,0,21.92,20,1,1680.33,2000,1,60451.6,50000,0,0.4,Partially compliant
575,Bilia AB,retail,Sweden,56046.06,70000,1,155019.16,150000,0,16.14,25,0,9899.06,10000,1,259117.86,200000,0,0.4,Partially compliant
576,X-FAB,tech,Belgium,46408.78,50000,1,135277.8,120000,0,19.02,20,0,5145.12,5000,0,125242.61,100000,0,0.2,Partially compliant
577,Jumia,tech,Germany,52356.38,50000,0,118921.59,120000,1,19.51,20,0,5244.71,5000,0,95364.52,100000,1,0.4,Partially compliant
578,Zeal Network,tech,Germany,44633.08,50000,1,116031.45,120000,1,12.7,20,0,6457.83,5000,0,98294.41,100000,1,0.6,Partially compliant
579,BASSAC,real_estate,France,55661.81,60000,1,133615.04,130000,0,23.76,25,0,8980.47,8000,0,201705.3,150000,0,0.2,Partially compliant
580,Frey SA,financial,France,18458.2,20000,1,77064.31,60000,0,23.84,20,1,2147.19,2000,0,68472.81,50000,0,0.4,Partially compliant
581,Kinepolis Group,entertainment,Belgium,76238.32,100000,1,236159.43,200000,0,26.9,30,0,28755.04,30000,1,276229.34,250000,0,0.4,Partially compliant
582,Voltalia,energy,France,568978.75,500000,0,1005385.0,1000000,0,54.21,50,1,225894.0,200000,0,994032.27,1000000,1,0.4,Partially compliant
583,Ferretti,manufacturing,Italy,279038.18,300000,1,413047.27,500000,1,29.78,35,0,194834.22,150000,0,1074630.78,800000,0,0.4,Partially compliant
584,TF Bank AB,bank,Sweden,23590.74,30000,1,75614.61,90000,1,22.99,20,1,2985.85,3000,1,72476.43,70000,0,0.8,Partially compliant
585,Wild Bunch,entertainment,Germany,103725.98,100000,0,212497.62,200000,0,25.59,30,0,36869.47,30000,0,246977.44,250000,1,0.2,Partially compliant
586,Lectra SA,tech,France,56092.14,50000,0,127772.58,120000,0,13.8,20,0,4817.39,5000,1,91044.25,100000,1,0.4,Partially compliant
587,Develia,real_estate,Poland,59185.08,60000,1,144265.48,130000,0,25.32,25,1,8573.34,8000,0,128806.77,150000,1,0.6,Partially compliant
588,D/S Norden (Dampskibsselskabet Norden),transportation,Denmark,424194.91,400000,0,781454.73,800000,1,50.21,45,1,83697.7,100000,1,668079.21,700000,1,0.8,Partially compliant
589,Kempower,manufacturing,Finland,310443.91,300000,0,597687.6,500000,0,22.6,35,0,163457.9,150000,0,783592.2,800000,1,0.2,Partially compliant
590,Einhell Germany,manufacturing,Germany,258299.21,300000,1,484356.87,500000,1,38.58,35,1,171554.03,150000,0,815863.15,800000,0,0.6,Partially compliant
591,Vetoquinol,biotech,France,66480.46,80000,1,225339.09,180000,0,27.11,30,0,25592.46,20000,0,266172.79,300000,1,0.4,Partially compliant
592,Navigo Invest,financial,Sweden,23321.86,20000,0,72400.69,60000,0,12.45,20,0,2396.86,2000,0,66342.35,50000,0,0.0,Non compliant
593,Fnac Darty,retail,France,53306.45,70000,1,182571.19,150000,0,16.99,25,0,11961.85,10000,0,199168.44,200000,1,0.4,Partially compliant
594,Atos,services,France,45547.38,40000,0,113642.04,100000,0,12.77,20,0,4926.62,4000,0,111053.47,80000,0,0.0,Non compliant
595,Volati AB,financial,Sweden,15442.54,20000,1,59164.03,60000,1,11.59,20,0,2500.09,2000,0,54466.18,50000,0,0.4,Partially compliant
596,atai Life Sciences,biotech,Germany,84990.78,80000,0,177394.55,180000,1,24.26,30,0,18207.69,20000,1,303297.38,300000,0,0.4,Partially compliant
597,Worldline,financial,France,23934.83,20000,0,48780.93,60000,1,23.15,20,1,2550.44,2000,0,40056.6,50000,1,0.6,Partially compliant
598,Pharming Group,biotech,Netherlands,89957.35,80000,0,223319.27,180000,0,24.19,30,0,23796.17,20000,0,392602.32,300000,0,0.0,Non compliant
599,Arjo AB,healthcare,Sweden,86870.82,120000,1,259603.05,250000,0,38.64,30,1,48225.21,50000,1,536921.74,400000,0,0.6,Partially compliant
600,GAG Immobilien,real_estate,Germany,58466.58,60000,1,166306.76,130000,0,28.46,25,1,7314.7,8000,1,153049.59,150000,0,0.6,Partially compliant
601,MedCap,biotech,Sweden,57211.54,80000,1,176803.32,180000,1,38.45,30,1,18088.55,20000,1,278011.71,300000,1,1.0,Fully compliant
602,Cloetta,food,Sweden,154353.93,200000,1,404395.0,400000,0,22.58,35,0,151926.91,120000,0,737122.79,600000,0,0.2,Partially compliant
603,EuroTeleSites,tech,Austria,38953.22,50000,1,116745.03,120000,1,25.69,20,1,6091.55,5000,0,85869.1,100000,1,0.8,Partially compliant
604,Newag,manufacturing,Poland,338713.34,300000,0,537763.67,500000,0,29.99,35,0,128900.88,150000,1,876506.95,800000,0,0.2,Partially compliant
605,SamhÃ¯Â¿Â½llsbyggnadsbolaget i Norden,real_estate,Sweden,53447.27,60000,1,152939.28,130000,0,14.32,25,0,8504.94,8000,0,175917.93,150000,0,0.2,Partially compliant
606,Asseco South Eastern Europe,services,Poland,37675.86,40000,1,95683.49,100000,1,25.61,20,1,3478.08,4000,1,101664.14,80000,0,0.8,Partially compliant
607,Savencia Fromage & Dairy,food,France,189727.25,200000,1,402501.67,400000,0,40.13,35,1,139324.03,120000,0,583933.53,600000,1,0.6,Partially compliant
608,Montepino LogÃ¯Â¿Â½stica,financial,Spain,19814.11,20000,1,53102.74,60000,1,14.22,20,0,1681.75,2000,1,68333.81,50000,0,0.6,Partially compliant
609,Mensch und Maschine,tech,Germany,42121.96,50000,1,123485.69,120000,0,17.63,20,0,5066.6,5000,0,89837.24,100000,1,0.4,Partially compliant
610,Caisse RÃ¯Â¿Â½gionale de CrÃ¯Â¿Â½dit Agricole Mutuel Loire Haute-Loire,bank,France,23997.82,30000,1,116793.73,90000,0,24.27,20,1,3530.07,3000,0,80206.38,70000,0,0.4,Partially compliant
611,CrÃ¯Â¿Â½dit Agricole Mutuel de la Touraine et du Poitou,bank,France,29921.27,30000,1,105898.41,90000,0,13.3,20,0,3025.98,3000,0,84801.75,70000,0,0.2,Partially compliant
612,Renta 4 Banco,financial,Spain,20335.12,20000,0,77380.32,60000,0,14.02,20,0,2239.14,2000,0,51347.77,50000,0,0.0,Non compliant
613,BKS Bank,bank,Austria,23054.85,30000,1,115939.07,90000,0,24.53,20,1,3681.88,3000,0,95924.93,70000,0,0.4,Partially compliant
614,RhÃ¯Â¿Â½n-Klinikum,healthcare,Germany,134025.65,120000,0,208345.13,250000,1,37.24,30,1,61357.35,50000,0,542576.73,400000,0,0.4,Partially compliant
615,Paul Hartmann,manufacturing,Germany,323704.46,300000,0,471655.42,500000,1,44.62,35,1,153007.35,150000,0,841008.81,800000,0,0.4,Partially compliant
616,SMA Solar Technology,energy,Germany,508127.41,500000,0,820524.76,1000000,1,43.68,50,0,254030.02,200000,0,837180.36,1000000,1,0.4,Partially compliant
617,AT&amp,tech,Austria,54198.74,50000,0,130799.02,120000,0,23.32,20,1,6309.44,5000,0,93880.1,100000,1,0.4,Partially compliant
618,JOST Werke SE,manufacturing,Germany,225948.27,300000,1,596471.82,500000,0,42.65,35,1,177384.35,150000,0,821319.62,800000,0,0.4,Partially compliant
619,Frequentis,tech,Austria,45005.72,50000,1,105239.63,120000,1,24.84,20,1,4081.5,5000,1,80472.62,100000,1,1.0,Fully compliant
620,MLP SE,financial,Germany,23986.75,20000,0,50161.69,60000,1,15.8,20,0,2138.36,2000,0,43935.7,50000,1,0.4,Partially compliant
621,Grenke,financial,Germany,18494.58,20000,1,75531.4,60000,0,11.12,20,0,1907.27,2000,1,46954.73,50000,1,0.6,Partially compliant
622,Aktia Bank,bank,Finland,29121.52,30000,1,112796.03,90000,0,18.85,20,0,3642.53,3000,0,74660.03,70000,0,0.2,Partially compliant
623,Troax Group AB,manufacturing,Sweden,338128.23,300000,0,521326.74,500000,0,32.04,35,0,147374.19,150000,1,722210.3,800000,1,0.4,Partially compliant
624,NÃ¯Â¿Â½rnberger Versicherung,insurance,Germany,26536.87,25000,0,81046.32,70000,0,12.89,20,0,2239.78,2500,1,57943.41,60000,1,0.4,Partially compliant
625,Synergie SE,services,France,43210.91,40000,0,120924.62,100000,0,19.02,20,0,5192.15,4000,0,111494.95,80000,0,0.0,Non compliant
626,uniQure,biotech,Netherlands,75605.17,80000,1,171978.21,180000,1,23.04,30,0,22973.72,20000,0,362576.34,300000,0,0.4,Partially compliant
627,Cancom,services,Germany,42708.06,40000,0,128949.14,100000,0,13.99,20,0,3882.67,4000,1,72411.95,80000,1,0.4,Partially compliant
628,AmRest,food,Spain,162979.83,200000,1,324317.19,400000,1,40.57,35,1,96177.63,120000,1,756043.13,600000,0,0.8,Partially compliant
629,Caisse rÃ¯Â¿Â½gionale de CrÃ¯Â¿Â½dit Agricole Mutuel d'Ille-et-Vilaine,bank,France,33357.53,30000,0,95308.61,90000,0,16.44,20,0,3495.1,3000,0,64970.08,70000,1,0.2,Partially compliant
630,Deutsche Pfandbriefbank,bank,Germany,25596.12,30000,1,105589.52,90000,0,16.78,20,0,3758.34,3000,0,59706.32,70000,1,0.4,Partially compliant
631,Inventiva,biotech,France,73987.72,80000,1,177265.68,180000,1,16.19,30,0,22907.53,20000,0,252037.87,300000,1,0.6,Partially compliant
632,Logistea AB,real_estate,Sweden,48730.76,60000,1,115155.56,130000,1,16.42,25,0,9098.75,8000,0,123073.54,150000,1,0.6,Partially compliant
633,Manitou Group,manufacturing,France,275901.24,300000,1,475986.88,500000,1,21.04,35,0,172494.89,150000,0,790641.81,800000,1,0.6,Partially compliant
634,DFDS A/S,transportation,Denmark,301470.84,400000,1,727284.03,800000,1,51.06,45,1,99482.4,100000,1,643202.9,700000,1,1.0,Fully compliant
635,GH Research,biotech,Ireland,70578.42,80000,1,192041.55,180000,0,30.0,30,1,18838.43,20000,1,286982.01,300000,1,0.8,Partially compliant
636,Piaggio,manufacturing,Italy,329714.76,300000,0,591042.93,500000,0,30.26,35,0,121707.58,150000,1,662661.82,800000,1,0.4,Partially compliant
637,Agrana,food,Austria,216053.72,200000,0,342080.56,400000,1,34.03,35,0,151492.3,120000,0,824978.57,600000,0,0.2,Partially compliant
638,Equasens,healthcare,France,103500.57,120000,1,238115.34,250000,1,19.42,30,0,47098.88,50000,1,331872.46,400000,1,0.8,Partially compliant
639,Ascopiave,energy,Italy,397509.51,500000,1,904543.82,1000000,1,52.62,50,1,255995.54,200000,0,1259295.81,1000000,0,0.6,Partially compliant
640,Scanfil,manufacturing,Finland,333333.61,300000,0,539131.27,500000,0,44.34,35,1,133992.47,150000,1,772295.38,800000,1,0.6,Partially compliant
641,ENCE EnergÃ¯Â¿Â½a y Celulosa,energy,Spain,587104.66,500000,0,829002.5,1000000,1,56.06,50,1,238089.1,200000,0,961808.2,1000000,1,0.6,Partially compliant
642,BÃ¯Â¿Â½nÃ¯Â¿Â½teau,manufacturing,France,254615.63,300000,1,429253.75,500000,1,43.85,35,1,141888.33,150000,1,1001553.23,800000,0,0.8,Partially compliant
643,SÃ¯Â¿Â½dwestdeutsche Salzwerke,food,Germany,161227.61,200000,1,459474.61,400000,0,17.78,35,0,104899.17,120000,1,777883.06,600000,0,0.4,Partially compliant
644,Burelle,financial,France,16176.74,20000,1,75927.4,60000,0,14.86,20,0,2071.71,2000,0,56195.18,50000,0,0.2,Partially compliant
645,Nagarro,services,Germany,44870.97,40000,0,81272.23,100000,1,12.01,20,0,4772.68,4000,0,83038.29,80000,0,0.2,Partially compliant
646,Tinexta,services,Italy,32524.41,40000,1,80947.58,100000,1,22.95,20,1,4222.08,4000,0,97406.35,80000,0,0.6,Partially compliant
647,Better Collective A/S,entertainment,Denmark,90201.52,100000,1,162485.75,200000,1,28.28,30,0,32391.82,30000,0,203156.35,250000,1,0.6,Partially compliant
648,Citycon,financial,Finland,21950.86,20000,0,63309.31,60000,0,19.62,20,0,2358.22,2000,0,41137.63,50000,1,0.2,Partially compliant
649,2G Energy AG,manufacturing,Germany,233987.35,300000,1,486401.41,500000,1,22.85,35,0,146080.1,150000,1,1054079.72,800000,0,0.6,Partially compliant
650,TomTom,tech,Netherlands,57706.22,50000,0,113911.29,120000,1,16.58,20,0,6318.05,5000,0,99634.76,100000,1,0.4,Partially compliant
651,CEWE,tech,Germany,41147.53,50000,1,141664.28,120000,0,19.84,20,0,6139.55,5000,0,107699.56,100000,0,0.2,Partially compliant
652,Groupe CRIT,services,France,38003.04,40000,1,106139.21,100000,0,18.68,20,0,3555.56,4000,1,93405.22,80000,0,0.4,Partially compliant
653,Finnair,transportation,Finland,438159.11,400000,0,986512.36,800000,0,39.1,45,0,104590.97,100000,0,732930.37,700000,0,0.0,Non compliant
654,Audax Renovables,energy,Spain,569525.21,500000,0,1078568.17,1000000,0,36.4,50,0,163572.31,200000,1,1278412.72,1000000,0,0.2,Partially compliant
655,Elior Group,food,France,179078.4,200000,1,346340.88,400000,1,39.94,35,1,125181.29,120000,0,801682.67,600000,0,0.6,Partially compliant
656,Valneva SE,biotech,France,81081.13,80000,0,205785.07,180000,0,27.23,30,0,20219.97,20000,0,401246.87,300000,0,0.0,Non compliant
657,Archicom,real_estate,Poland,71321.16,60000,0,118005.61,130000,1,17.02,25,0,6560.96,8000,1,148913.21,150000,1,0.6,Partially compliant
658,Ã¯Â¿Â½landsbanken,bank,Finland,32309.81,30000,0,100016.79,90000,0,25.97,20,1,3000.41,3000,0,87323.62,70000,0,0.2,Partially compliant
659,Patrizia Immobilien,real_estate,Germany,68808.95,60000,0,111783.51,130000,1,27.46,25,1,8035.55,8000,0,192151.86,150000,0,0.4,Partially compliant
660,Asseco Business Solutions,tech,Poland,57990.15,50000,0,104060.43,120000,1,11.53,20,0,4897.42,5000,1,84464.83,100000,1,0.6,Partially compliant
661,Kri-Kri Milk Industry,food,Greece,159985.14,200000,1,451908.25,400000,0,23.7,35,0,119536.58,120000,1,631583.71,600000,0,0.4,Partially compliant
662,Jastrzebska SpÃ¯Â¿Â½lka Weglowa,energy,Poland,520344.7,500000,0,938872.29,1000000,1,56.53,50,1,230497.92,200000,0,1307190.42,1000000,0,0.4,Partially compliant
663,MARR S.p.A.,food,Italy,176419.44,200000,1,346951.11,400000,1,28.83,35,0,139917.55,120000,0,730161.24,600000,0,0.4,Partially compliant
664,Caisse RÃ¯Â¿Â½gionale de CrÃ¯Â¿Â½dit Agricole du Morbihan,bank,France,30511.21,30000,0,87951.03,90000,1,24.0,20,1,3166.97,3000,0,89646.89,70000,0,0.4,Partially compliant
665,MÃ¯Â¿Â½hlbauer Holding,tech,Germany,44358.92,50000,1,112839.82,120000,1,11.41,20,0,4602.53,5000,1,82150.89,100000,1,0.8,Partially compliant
666,Energiekontor,energy,Germany,595061.17,500000,0,1275445.62,1000000,0,39.54,50,0,220747.3,200000,0,1363047.53,1000000,0,0.0,Non compliant
667,Mutares,financial,Germany,22410.31,20000,0,58619.37,60000,1,24.26,20,1,1631.06,2000,1,53906.14,50000,0,0.6,Partially compliant
668,Bahnhof AB,tech,Sweden,42265.86,50000,1,138381.16,120000,0,13.99,20,0,5756.96,5000,0,90802.32,100000,1,0.4,Partially compliant
669,Aubay,services,France,43281.62,40000,0,100585.74,100000,0,20.16,20,1,3258.3,4000,1,99490.93,80000,0,0.4,Partially compliant
670,Exmar,energy,Belgium,524431.87,500000,0,1081673.41,1000000,0,39.12,50,0,245017.1,200000,0,1311572.84,1000000,0,0.0,Non compliant
671,Atal S.A.,real_estate,Poland,47971.75,60000,1,155146.35,130000,0,31.19,25,1,10101.46,8000,0,137694.18,150000,1,0.6,Partially compliant
672,Mersen,manufacturing,France,272079.83,300000,1,548076.11,500000,0,24.17,35,0,138757.51,150000,1,987835.25,800000,0,0.4,Partially compliant
673,Stabilus,manufacturing,Luxembourg,274771.78,300000,1,493504.94,500000,1,25.03,35,0,136476.65,150000,1,783075.91,800000,1,0.8,Partially compliant
674,EuroGroup Laminations,manufacturing,Italy,288061.88,300000,1,405073.92,500000,1,32.98,35,0,178510.95,150000,0,656640.41,800000,1,0.6,Partially compliant
675,Gielda PapierÃ¯Â¿Â½w Wartosciowych w Warszawie,financial,Poland,18663.25,20000,1,59698.55,60000,1,21.33,20,1,1815.74,2000,1,54810.12,50000,0,0.8,Partially compliant
676,Globe Trade Centre,real_estate,Poland,51625.59,60000,1,114220.79,130000,1,18.89,25,0,6494.34,8000,1,148476.09,150000,1,0.8,Partially compliant
677,Jensen-Group,manufacturing,Belgium,267274.45,300000,1,644190.69,500000,0,21.23,35,0,147461.5,150000,1,895023.13,800000,0,0.4,Partially compliant
678,Sygnity,services,Poland,42968.31,40000,0,122090.9,100000,0,13.39,20,0,3636.22,4000,1,64849.29,80000,1,0.4,Partially compliant
679,Kaufman & Broad,real_estate,France,65986.23,60000,0,162202.67,130000,0,17.05,25,0,7534.45,8000,1,194492.03,150000,0,0.2,Partially compliant
680,ADS-TEC Energy,energy,Ireland,544821.98,500000,0,838159.97,1000000,1,58.96,50,1,196391.54,200000,1,1017720.92,1000000,0,0.6,Partially compliant
681,Abivax,biotech,France,62927.36,80000,1,205072.77,180000,0,35.32,30,1,19732.01,20000,1,379788.66,300000,0,0.6,Partially compliant
682,Indus Holding,financial,Germany,14986.58,20000,1,64585.15,60000,0,15.59,20,0,2172.94,2000,0,64075.47,50000,0,0.2,Partially compliant
683,Tsakos Energy Navigation,energy,Greece,558770.01,500000,0,1008290.46,1000000,0,32.05,50,0,173283.94,200000,1,1384347.75,1000000,0,0.2,Partially compliant
684,IDI,financial,France,18768.55,20000,1,65137.74,60000,0,16.43,20,0,1865.68,2000,1,56899.96,50000,0,0.4,Partially compliant
685,NRJ Group,entertainment,France,83865.79,100000,1,248548.41,200000,0,16.32,30,0,26357.31,30000,1,319862.75,250000,0,0.4,Partially compliant
686,Immatics,biotech,Germany,75376.79,80000,1,158974.24,180000,1,33.56,30,1,16055.85,20000,1,413793.03,300000,0,0.8,Partially compliant
687,Tokmanni,retail,Finland,57338.49,70000,1,140385.23,150000,1,32.3,25,1,10058.97,10000,0,227906.23,200000,0,0.6,Partially compliant
688,adesso SE,services,Germany,31975.41,40000,1,91171.18,100000,1,15.71,20,0,4289.45,4000,0,96960.39,80000,0,0.4,Partially compliant
689,NTG Nordic Transport Group A/S,transportation,Denmark,416320.88,400000,0,705817.21,800000,1,48.65,45,1,103525.4,100000,0,625584.76,700000,1,0.6,Partially compliant
690,ProCredit,bank,Germany,22756.45,30000,1,74535.91,90000,1,21.39,20,1,3100.56,3000,0,71195.5,70000,0,0.6,Partially compliant
691,Quadient,tech,France,48217.05,50000,1,139302.02,120000,0,10.59,20,0,4312.23,5000,1,87994.85,100000,1,0.6,Partially compliant
692,eQ Oyj,financial,Finland,22792.39,20000,0,50958.59,60000,1,10.61,20,0,2168.75,2000,0,52128.77,50000,0,0.2,Partially compliant
693,SNP Schneider-Neureither & Partner,services,Germany,36894.02,40000,1,82807.15,100000,1,25.15,20,1,3543.87,4000,1,102761.45,80000,0,0.8,Partially compliant
