Rank,company_id,Name,Symbol,marketcap,price (USD),country,sector,co2_emissions,energy_consumption_mwh,%_renewable_energy,waste_generated_tons,water_withdrawal_m3
1,1,SAP,SAP,320858980352,275.51,Germany,tech,40887.07,106777.47,15.38,4900.01,131487.56
2,2,ASML,ASML,299657723904,762.1,Netherlands,tech,35312.12,101772.33,17.95,5824.95,80305.08
3,3,LVMH,MC.PA,297706446197,599206.0,France,retail,77199.17,121700.68,20.0,11680.81,199909.73
4,4,Prosus,PRX.AS,267383014457,61.1935,Netherlands,financial,19647.29,72151.85,25.34,1925.51,49818.82
5,5,Hermï¿½s,RMS.PA,260161734176,2481.61,France,retail,65378.71,127047.35,15.8,8580.4,216997.01
7,6,Novo Nordisk,NVO,244676820992,55885.0,Denmark,biotech,67181.23,156504.25,32.7,17244.5,344797.57
9,7,Deutsche Telekom,DTE.DE,179581326258,36646.0,Germany,tech,40625.62,146883.81,24.4,4644.02,107400.26
10,8,Airbus,AIR.PA,165725681813,208595.0,Netherlands,manufacturing,274460.32,467253.29,17.92,172084.13,785229.03
11,9,Allianz SE,ALV.DE,162811212535,422282.0,Germany,insurance,24084.7,90535.43,18.19,2332.58,61482.84
12,10,Accenture,ACN,158930272256,255165.0,Ireland,services,32785.49,112424.81,12.65,5005.37,94734.54
13,11,Inditex,ITX.MC,157719907952,50.6365,Spain,retail,59348.2,182339.74,30.18,9602.2,215612.05
14,12,Santander,SAN,143371862016,9.64,Spain,bank,30276.2,103348.61,18.77,2786.97,94159.9
16,13,Spotify,SPOT,141174603776,686053.0,Sweden,entertainment,111363.48,205252.68,38.48,29016.13,283051.75
18,14,Schneider Electric,SU.PA,140560093048,249562.0,France,services,42262.3,116521.41,13.08,4544.35,103172.3
20,15,TotalEnergies,TTE,135906107392,62205.0,France,energy,364662.9,989742.23,31.23,255134.24,1079091.35
21,16,Iberdrola,IBE.MC,126282497940,18.9011,Spain,energy,567359.22,1295128.61,43.07,258659.06,809389.2
23,17,Sanofi,SNY,121472409600,49805.0,France,biotech,80967.1,183433.14,26.25,22525.87,321207.47
25,18,UniCredit,UCG.MI,119245624440,77.2626,Italy,bank,26920.54,84018.89,14.44,2754.71,64267.12
27,19,Intesa Sanpaolo,ISP.MI,113881457280,6.31671,Italy,bank,30234.53,89377.09,15.73,3208.05,92468.84
28,20,Banco Bilbao Vizcaya Argentaria,BBVA,105230393344,18.1645,Spain,bank,22874.21,89843.48,18.46,2772.83,94241.35
29,21,Dior,CDI.PA,102604412981,568726.0,France,retail,56143.91,185511.51,19.14,12443.03,213267.12
30,22,BNP Paribas,BNP.PA,101044068011,89805.0,France,bank,29200.51,85936.26,17.6,2984.06,87846.55
31,23,AXA,CS.PA,99406127208,46.5958,France,insurance,19690.24,59384.28,13.38,2746.57,59566.11
32,24,Investor AB,INVE-B.ST,94834685612,30965.0,Sweden,financial,15380.61,68894.66,19.73,2231.61,59001.8
33,25,Enel,ENEL.MI,94616624593,9.30515,Italy,energy,356109.93,1066687.12,54.61,188395.25,855983.29
35,26,Siemens Energy,ENR.F,88214427803,107719.0,Germany,energy,377137.5,1235235.44,29.07,217098.63,1047426.56
37,27,Ferrari,RACE,85109784576,477.56,Italy,manufacturing,349891.66,529632.54,21.43,189714.53,785602.54
38,28,Munich RE (Mï¿½nchener Rï¿½ck),MUV2.DE,82519203582,636693.0,Germany,insurance,26786.8,74962.91,24.42,3083.08,63814.29
41,29,Atlas Copco,ATCO-B.ST,75589717399,14.3374,Sweden,manufacturing,251467.95,649674.63,27.28,125563.28,982314.4
43,30,ING,ING,71145111552,23935.0,Netherlands,bank,22087.05,99306.7,22.01,3646.46,80436.11
44,31,Deutsche Bank,DB,70734282752,35.28,Germany,bank,24396.87,82260.32,17.41,2901.84,59345.66
45,32,CaixaBank,CABK.MC,70022146329,9.94511,Spain,bank,35615.35,75940.25,25.9,3356.17,72842.68
46,33,BMW,BMW.DE,64132798590,105314.0,Germany,manufacturing,280960.23,428108.36,25.0,172752.91,849053.78
47,34,Volvo Group,VOLV-A.ST,62783077419,30.8173,Sweden,manufacturing,275935.09,498876.91,31.33,132083.53,942701.94
48,35,Siemens Healthineers,SHL.DE,62044025132,55.3194,Germany,healthcare,125652.71,235021.19,27.12,63930.54,432894.32
49,36,Mercedes-Benz,MBG.DE,60407806342,62735.0,Germany,manufacturing,275467.12,624731.51,25.32,175934.46,795988.84
50,37,NXP Semiconductors,NXPI,60402974720,239585.0,Netherlands,tech,58157.15,98830.59,21.19,6385.87,123551.11
51,38,Generali,G.MI,60088215020,39.1452,Italy,insurance,18585.8,85429.16,10.64,2216.28,61585.45
52,39,Volkswagen,VOW3.DE,59841627496,117073.0,Germany,manufacturing,312397.55,626293.12,41.52,160214.31,703029.78
53,40,Crï¿½dit Agricole,ACA.PA,55745579645,18323.0,France,bank,35177.7,84450.47,18.42,2786.0,58825.8
54,41,Infineon,IFX.DE,55106090865,42.4092,Germany,tech,40269.97,134812.11,16.58,5009.29,120359.01
56,42,Flutter Entertainment,FLUT,54372179968,309.36,Ireland,entertainment,93337.58,254614.59,20.47,26228.29,310924.92
57,43,Compagnie de Saint-Gobain,SGO.PA,54311826571,109307.0,France,manufacturing,355202.61,549898.11,27.74,164329.42,916392.97
58,44,Deutsche Bï¿½rse,DB1.DE,54299145856,296275.0,Germany,financial,18519.11,74022.35,13.44,1609.52,46938.94
60,45,Danone,BN.PA,53607116537,82.9616,France,food,233614.63,349534.3,17.93,99714.65,542017.77
61,46,ENI,E,53593763840,35.61,Italy,energy,424603.61,922752.93,37.62,234327.22,827542.32
62,47,DSV,DSV.VI,53187997628,225.33,Denmark,transportation,335442.42,969439.96,32.81,105754.26,639760.78
63,48,Adyen,ADYEN.AS,53081376303,1684.69,Netherlands,financial,15058.51,48466.19,18.76,2335.82,69172.93
64,49,Universal Music Group,UMG.AS,52791532761,28.7866,Netherlands,entertainment,89363.76,255373.21,38.77,24695.86,318870.21
65,50,Nordea Bank,NDA-FI.HE,52785209146,15.3217,Finland,bank,32359.41,81510.11,20.56,2528.23,87500.87
66,51,DHL Group (Deutsche Post),DHL.DE,51587692382,45.5681,Germany,transportation,373300.87,734791.3,46.13,126258.18,804287.04
67,52,ENGIE,ENGI.PA,50894735089,20.7871,France,energy,423663.69,868543.19,32.71,184394.9,908003.15
68,53,Porsche,P911.DE,48960287508,54.0932,Germany,manufacturing,323731.71,430425.09,38.04,194359.33,759629.91
70,54,Experian,EXPGF,47594668032,52.11,Ireland,financial,18728.66,76232.72,10.97,2352.18,41323.54
71,55,Sociï¿½tï¿½ Gï¿½nï¿½rale,GLE.PA,47552264183,61.0767,France,bank,29090.31,98586.2,16.17,2574.34,57238.35
72,56,KBC,KBCSF,47484030976,105.7,Belgium,insurance,18767.64,60763.34,24.56,2575.82,82692.08
73,57,E.ON,EOAN.DE,47299707013,18.1011,Germany,energy,568239.33,825215.82,62.37,170415.96,1123233.06
75,58,UCB,UCB.VI,44276191242,233037.0,Belgium,biotech,71239.4,208446.36,25.04,18593.7,256676.2
77,59,Commerzbank,CBK.F,43070906285,37.5686,Germany,bank,35000.7,109476.69,21.75,3046.22,63532.23
78,60,Argenx,ARGX,42906025984,701.08,Netherlands,biotech,75306.13,230661.69,21.02,18559.37,357945.03
79,61,Orange,ORA.PA,42689977805,16.0399,France,tech,59599.96,133159.0,15.02,5940.01,110600.09
80,62,EQT,EQT.ST,42557165986,36.2525,Sweden,financial,22069.89,62306.91,18.72,1682.55,56965.2
82,63,Dassault Systï¿½mes,DSY.PA,41608663458,31.5193,France,tech,36673.31,114829.97,12.12,5789.6,129660.99
83,64,Legrand,LR.PA,40183539584,152.75,France,manufacturing,342668.24,633850.96,33.85,127874.52,921916.26
86,65,Amadeus IT Group,AMS.MC,37181972307,84.6199,Spain,tech,53139.1,115873.39,20.89,5952.85,125484.91
87,66,Erste Group Bank,EBO.F,37031418118,95.3521,Austria,bank,27983.88,80563.3,24.2,3533.94,73712.39
88,67,Skandinaviska Enskilda Banken,SEB-A.ST,36723937757,18.4587,Sweden,bank,27299.62,101345.03,23.65,3851.64,80075.41
89,68,Ahold Delhaize,AD.AS,36722455444,39.9977,Netherlands,food,225728.79,488009.46,39.03,108091.5,803158.2
90,69,Daimler Truck,DTG.F,36494893776,47.3899,Germany,manufacturing,282730.5,462553.84,33.75,134551.61,698345.97
91,70,Seagate Technology,STX,36478357504,171.52,Ireland,tech,39953.16,153399.28,21.7,4804.3,89519.3
92,71,Talanx,TLX.DE,35584515559,137802.0,Germany,financial,14624.17,74449.37,18.04,1636.82,69386.9
93,72,Adidas,ADS.DE,35384518062,198178.0,Germany,retail,83760.67,175890.25,15.88,8969.87,253583.31
94,73,Hannover Rï¿½ck,HNR1.DE,35208745944,291954.0,Germany,insurance,23252.21,80793.57,14.46,2039.84,68156.48
95,74,Danske Bank,DANS.VI,33881485044,41.2239,Denmark,bank,29223.13,112959.42,10.91,3444.66,78927.92
96,75,Kering,KER.PA,33645095665,274437.0,France,retail,80480.09,134613.82,29.53,12577.07,187770.97
98,76,?EZ Group,CEZ.PR,33472271407,62354.0,Czech Republic,energy,430980.88,1237989.7,26.42,215743.23,1182408.26
99,77,Ryanair,RYAAY,33436934144,63.06,Ireland,transportation,463099.22,708623.18,33.61,114684.76,929592.64
100,78,Exor,EXO.AS,32724892405,100666.0,Netherlands,financial,19850.98,54173.78,24.53,1628.34,54179.4
102,79,KONE,KNEBV.HE,32244744866,62.2679,Finland,services,32112.66,124617.48,25.3,4760.62,96024.58
103,80,Bayer,BAYN.DE,32038057826,32.6112,Germany,biotech,67261.76,156460.46,32.69,17659.02,402499.87
104,81,Sandvik,SAND.ST,31958103018,25477.0,Sweden,manufacturing,211605.45,439692.02,31.94,168861.03,1077729.27
105,82,Endesa,ELE.MC,31821471600,30.5617,Spain,energy,447163.43,946631.37,35.8,250211.25,1167779.79
107,83,Swedbank,SWED-A.ST,31608255748,28.1155,Sweden,bank,28963.88,114025.04,23.34,3342.05,68739.13
108,84,Maersk,MAERSK-B.CO,31349069190,2087.29,Denmark,transportation,402804.69,892546.5,50.1,116571.38,895298.34
110,85,Sampo,SAMPO.HE,30833079005,11.4749,Finland,insurance,21846.95,56901.22,23.88,2966.52,67379.71
112,86,Fresenius,FRE.DE,30493598429,54.1399,Germany,healthcare,127330.74,235986.08,17.67,46007.18,557368.35
113,87,Naturgy,NTGY.MC,30472422448,31.7179,Spain,energy,454955.1,1065178.14,50.16,206798.09,1089743.64
115,88,Telefï¿½nica,TEF,30134679552,5345.0,Spain,tech,41629.7,135467.66,16.07,5256.33,124016.24
116,89,Novozymes,NZYM.VI,30103084075,64.7437,Denmark,biotech,94148.19,156248.15,20.91,24091.71,330636.33
118,90,Wolters Kluwer,WKL.AS,29339959522,127642.0,Netherlands,tech,38143.38,142743.7,16.01,5368.31,113856.74
119,91,RWE,RWE.DE,29304442997,40.3597,Germany,energy,509893.44,1168898.19,35.46,163504.28,1331961.07
120,92,Stellantis,STLA,28473636864,9605.0,Netherlands,manufacturing,305932.67,563661.55,42.91,152150.25,1109241.47
121,93,Vonovia,VNA.DE,27255546106,32.6171,Germany,real_estate,51366.68,156843.49,18.1,8033.66,172183.73
122,94,Ericsson,ERIC,26351773696,7895.0,Sweden,tech,42729.79,108830.93,13.84,6159.48,83065.79
124,95,EnBW Energie,EBK.DE,26065022630,80.3457,Germany,energy,599609.6,1152434.14,48.04,174285.61,975312.45
127,96,Svenska Handelsbanken,SHB-A.ST,25869058353,12.9126,Sweden,bank,26793.08,81651.21,25.74,3861.92,96294.53
130,97,PKO Bank Polski,PKO.WA,25044407375,20.0355,Poland,bank,31551.72,84750.43,25.54,3378.66,85414.91
131,98,Dassault Aviation,AM.PA,24995580608,316945.0,France,manufacturing,304505.28,541932.08,32.31,152198.35,761916.27
132,99,PKN Orlen,PKN.WA,24842490324,21.3986,Poland,energy,506175.17,1280079.9,26.55,250246.68,1158044.28
133,100,Verbund AG,OEWA.F,24809127224,71.2951,Austria,energy,459313.7,1231143.97,53.03,168969.31,1343838.07
134,101,Hapag-Lloyd,HLAG.DE,24774297113,140955.0,Germany,transportation,465276.39,1019473.75,56.48,85046.88,828597.38
135,102,Cellnex Telecom,CLNX.MC,24705892525,36249.0,Spain,tech,53300.46,115376.43,25.46,5721.42,97989.18
136,103,International Consolidated Airlines,BABWF,24685893632,5.33,Spain,transportation,403215.22,829828.63,56.7,106639.2,619383.64
137,104,Epiroc,EPI-A.ST,24578368435,21.0919,Sweden,manufacturing,309047.59,447322.26,29.08,184249.89,708136.77
138,105,Capgemini,CAP.PA,24537938826,144867.0,France,services,43205.34,98190.06,15.55,3233.83,111580.41
139,106,BioNTech,BNTX,24503871488,101.93,Germany,biotech,88463.66,151810.54,23.11,23866.81,268360.5
140,107,ABN AMRO,ABN.AS,24412662357,28.6815,Netherlands,bank,28747.79,94421.69,13.65,2719.71,90329.71
141,108,ASM International,ASM.AS,24351258232,497956.0,Netherlands,tech,49604.95,115124.54,17.96,5330.72,81680.38
146,109,H&M,HM-B.ST,23910709740,14.9126,Sweden,retail,83345.89,154250.61,31.07,12266.73,268537.06
147,110,Publicis Groupe,PUB.PA,23192536994,92.4676,France,services,35530.19,125191.2,17.07,3716.03,102591.97
148,111,Nokia,NOK,23049443328,4285.0,Finland,tech,53088.94,134619.85,14.52,4058.44,122113.45
150,112,OTP Bank,OTP.BD,22567422804,87.5748,Hungary,bank,35937.15,85455.68,19.11,3695.98,92363.2
153,113,Banco BPM,BAMI.MI,20991983347,13.6751,Italy,bank,26557.31,81945.03,16.74,2424.36,58494.38
154,114,BPER Banca,BPE.MI,20774005161,10.3725,Italy,bank,30421.7,99717.61,22.62,2629.09,68895.99
155,115,Snam,SRG.MI,20573756537,6.13336,Italy,energy,575761.99,1241147.86,28.59,253869.96,1236763.0
156,116,Vestas Wind Systems,VWS.CO,20507457720,20.4974,Denmark,energy,546697.76,1131293.51,55.04,181396.78,976571.77
157,117,Terna,TRN.MI,20248052067,10.0899,Italy,energy,554918.13,1087085.12,42.75,229885.07,1144650.68
158,118,Mediobanca,MB.MI,19871410683,24.2789,Italy,bank,26954.89,113044.31,22.98,2547.98,69328.57
160,119,Banco Sabadell,SAB.MC,19143136571,3.81058,Spain,bank,34750.88,92357.53,25.87,2652.81,97409.52
163,120,Tenaris,TS,18933975040,36295.0,Luxembourg,manufacturing,234185.72,521254.93,29.1,190499.63,862210.28
165,121,EDP Group,EDP.F,18667815452,4.48324,Portugal,energy,569850.05,939207.41,31.53,235183.48,1258193.11
167,122,Repsol,REP.MC,18362533582,16.2735,Spain,energy,447571.91,1017968.55,51.34,185810.56,1038375.99
168,123,NN Group,NN.AS,18251346531,68.6675,Netherlands,financial,16223.08,70082.69,18.78,2233.11,67368.69
169,124,Uniper,UN0.DE,18238716041,43.7931,Germany,energy,411824.69,912768.93,44.99,259472.48,934316.9
170,125,KPN,KPN.AS,18214929536,4.75067,Netherlands,tech,45427.52,143345.42,16.72,4814.35,118530.8
171,126,OMV,OMV.F,18161806621,55.2377,Austria,energy,553886.96,825497.81,30.58,195839.97,1220118.97
172,127,Evolution Gaming,EVO.ST,18134659106,89.7711,Sweden,entertainment,103109.74,249829.77,19.44,26075.32,234815.51
174,128,AIB Group (Allied Irish Banks),A5G.IR,17679385785,8.16887,Ireland,bank,23022.7,72120.66,21.78,2533.65,68633.92
177,129,Industrivarden,INDU-A.ST,17206788493,39.8303,Sweden,financial,17561.31,51106.84,17.3,2464.43,63972.38
178,130,Wï¿½rtsilï¿½,WRT1V.HE,17090305358,29.0436,Finland,manufacturing,307849.26,473571.11,43.89,145696.53,902437.93
180,131,Nebius Group (Yandex),NBIS,17078434816,71545.0,Netherlands,tech,59274.25,125569.23,15.19,5260.48,136929.01
181,132,Euronext,ENX.PA,16862026184,165363.0,Netherlands,financial,19589.61,63980.34,20.93,2121.91,48222.79
182,133,Knorr-Bremse,KBX.DE,16782646153,104111.0,Germany,manufacturing,350847.97,564069.66,28.47,191293.27,903449.55
185,134,Investment AB Latour,LATO-B.ST,16335140987,25.5509,Sweden,financial,18721.21,75250.13,22.29,1742.62,53464.53
187,135,bioMï¿½rieux,BIM.PA,16277943182,137569.0,France,biotech,90501.99,219319.49,26.27,24614.08,278731.1
188,136,Nemetschek,NEM.F,16105509857,138386.0,Germany,tech,55277.96,111574.26,22.34,5281.18,81660.4
189,137,Moncler,MONC.MI,16049117508,59.0914,Italy,retail,78833.85,173601.96,19.68,10343.5,161041.07
190,138,Tryg,TRYG.CO,15834042140,26.2555,Denmark,insurance,20874.4,64952.2,11.25,2234.99,62815.21
191,139,Fortum,FORTUM.HE,15513247292,17.2895,Finland,energy,353829.25,861601.83,55.7,161066.42,892450.89
192,140,Genmab,GMAB,15456733184,25.13,Denmark,biotech,67044.69,151811.14,24.16,22172.82,302998.51
193,141,Jerï¿½nimo Martins,JEM.F,15249949064,24.1971,Portugal,retail,56803.51,142693.76,29.23,12313.3,251682.61
194,142,Banca Mediolanum,BMED.MI,15247294293,20.1565,Italy,bank,22439.69,98200.66,20.07,3433.45,57020.38
195,143,Unipol Assicurazioni,UNI.MI,15230638598,20.9915,Italy,financial,17646.82,60701.76,11.6,1866.09,40271.25
196,144,Kerry Group,KRZ.IR,15208038369,93.1916,Ireland,food,165669.21,349829.39,23.68,128189.91,664093.8
197,145,Amundi,AMUN.PA,15172049486,74273.0,France,financial,15214.42,77735.02,23.03,1956.68,42798.68
198,146,UPM-Kymmene,UPM.HE,15124462126,28.6815,Finland,manufacturing,302530.5,556249.01,35.67,132504.64,1077905.41
199,147,Unibail-Rodamco-Westfield,URW.PA,14892883623,103071.0,France,real_estate,49004.68,122375.35,28.03,6477.59,128290.16
200,148,Fresenius Medical Care,FMS,14855439360,25.1121,Germany,healthcare,130517.84,286770.39,29.42,55745.59,336790.06
201,149,Bank of Ireland Group,BIRG.IR,14795992869,15.0823,Ireland,bank,25609.64,80623.66,16.55,3067.2,68743.41
202,150,ASR Nederland,ASRNL.AS,14745906198,69.6718,Netherlands,financial,19235.92,65399.54,23.13,2518.62,64878.94
203,151,Prada,1913.HK,14714125872,5.75036,Italy,retail,74101.99,150356.67,18.53,10519.68,269695.06
205,152,Telia Company,TELIA.ST,14578386321,3.70757,Sweden,tech,58515.65,125662.33,10.28,5107.28,126021.92
206,153,Powszechny Zak?ad Ubezpiecze?,PZU.WA,14564155227,16866.0,Poland,insurance,18937.39,78160.23,14.85,3244.16,54572.76
208,154,Santander Polska,SPL.WA,14376625427,140687.0,Poland,bank,29494.9,109881.45,19.95,2405.24,62495.17
210,155,Neste,NESTE.HE,14269438267,18.5741,Finland,energy,532094.78,831984.34,28.14,203181.49,1075998.29
211,156,Galp Energia,GZ5.F,14099324876,19.0646,Portugal,energy,470768.96,966757.01,60.24,250065.67,1063998.67
212,157,Eurobank Ergasias Services and Holdings,EUROB.AT,13772368359,3.77204,Greece,bank,22441.07,77796.35,18.16,3315.39,97946.52
213,158,FinecoBank,FBK.MI,13685844365,22.0834,Italy,financial,14706.03,61937.01,17.15,2222.59,59307.12
214,159,ageas,AGS.BR,13572766686,70828.0,Belgium,insurance,24041.79,75571.02,10.7,3047.43,60184.84
216,160,Mapfre,MAP.MC,13514676241,4.39799,Spain,financial,18360.99,58977.58,23.12,2422.46,65230.73
217,161,ICON plc,ICLR,13501236224,173.6,Ireland,biotech,73497.86,177995.5,24.89,21228.39,322851.26
219,162,Bureau Veritas,BVI.PA,13467986959,30.2698,France,services,47623.39,83677.94,21.27,5110.0,87930.58
220,163,Bankinter,BKT.MC,13428204864,14.9422,Spain,bank,30916.52,100736.87,21.64,3302.58,93798.01
221,164,Bank Pekao (Bank Polska Kasa Opieki),PEO.WA,13373108760,50951.0,Poland,bank,27093.67,74134.69,23.93,3672.24,97885.31
223,165,Porsche SE,PAH3.DE,13114780502,42.8238,Germany,financial,20516.43,57043.56,17.92,2444.5,65789.39
225,166,ï¿½rsted,DOGEF,13027284992,31.0,Denmark,energy,400779.31,1156632.21,42.34,219267.9,1221377.6
226,167,National Bank of Greece,ETE.AT,12924434650,14.2006,Greece,bank,26034.73,90784.35,10.76,3144.92,58541.76
227,168,Recordati,REC.MI,12722730686,62.0694,Italy,biotech,69416.99,227857.73,33.87,20568.54,335041.88
228,169,Banco Comercial Portuguï¿½s (Millennium bcp),BCP.LS,12706126411,0.851104,Portugal,bank,23888.6,86147.86,23.09,3089.17,67593.33
229,170,Elia Group,ELI.BR,12677250400,116256.0,Belgium,energy,404815.2,1207614.68,46.91,172456.65,851612.06
230,171,SPEEH Hidroelectrica,H2O.RO,12668978706,28.1427,Romania,energy,592673.74,951716.52,63.72,252742.06,1135290.0
231,172,Lundbergfï¿½retagen,LUND-B.ST,12615656923,50.8696,Sweden,financial,23113.24,49401.85,25.56,2518.6,45946.24
232,173,EDP Renovï¿½veis,EDPR.LS,12568664306,11.9584,Spain,energy,357885.36,910826.73,41.72,187978.43,1373331.73
233,174,DWS Group,DWS.F,12495621046,62.4781,Germany,financial,22171.46,55643.28,16.3,2484.16,56354.23
234,175,AEGON,AEG,12370285568,7815.0,Netherlands,insurance,26315.11,61332.07,19.98,2574.08,66660.09
235,176,Dino Polska,DNP.WA,12102344387,12.3443,Poland,retail,51378.95,184610.66,24.04,11146.1,231141.15
236,177,Edison,EDNR.MI,12085041649,2.55168,Italy,energy,450988.57,990355.82,40.25,259593.48,898553.4
237,178,Tele2,TEL2-B.ST,12073619653,17.4086,Sweden,tech,58324.43,155534.93,15.72,5151.25,87072.61
238,179,Banca Monte dei Paschi di Siena,BMPS.MI,12033515183,9.29581,Italy,bank,25135.05,101733.63,18.72,3579.27,75368.55
245,180,Ascendis Pharma,ASND,11793878016,194765.0,Denmark,biotech,77645.77,188690.31,37.89,22522.48,361134.97
247,181,D'Ieteren Group,DIE.BR,11659191342,219432.0,Belgium,retail,66757.88,148822.94,15.64,8352.82,263760.17
248,182,Renault,RNO.PA,11554532395,39.5656,France,manufacturing,228362.81,402920.2,42.62,175648.07,871198.99
249,183,Ipsen,IPN.PA,11388633153,137685.0,France,biotech,76204.1,180464.77,29.98,24311.72,282924.65
250,184,Klï¿½pierre,LI.PA,11314507655,38.7948,France,real_estate,55841.66,132317.4,15.65,9375.75,143439.88
251,185,Orion Corporation,ORNAV.HE,11277178233,79.5282,Finland,biotech,80536.17,145044.82,30.57,16644.74,346606.64
252,186,ING Bank Slaski,ING.WA,11270435464,86629.0,Poland,bank,35556.3,81127.65,25.05,3817.38,92617.31
253,187,Alstom,ALO.PA,11250141428,23.9285,France,manufacturing,263658.68,613180.05,27.59,161744.24,843328.86
254,188,Lufthansa,LHA.DE,11167061460,9.31916,Germany,transportation,427180.78,889013.13,31.05,91938.1,865771.4
255,189,BE Semiconductor,BESI.AS,11134051422,139846.0,Netherlands,tech,54998.38,118297.64,18.54,5616.21,91686.97
256,190,INWIT,INW.MI,11107469037,12157.0,Italy,tech,49695.58,98925.8,22.55,4451.97,98370.02
259,191,HELLA,HLE.F,10899595721,98.0965,Germany,manufacturing,267520.6,609154.27,36.67,141655.7,1113454.35
260,192,Raiffeisen Bank International,RAW.F,10862927599,33.0959,Austria,bank,32297.91,77512.78,15.86,3555.09,60807.97
261,193,Metso,METSO.HE,10826723465,13.0795,Finland,manufacturing,270101.17,456249.35,26.41,147596.95,943626.94
265,194,Telecom Italia,TIT.MI,10674169827,0.483475,Italy,tech,54986.55,121586.05,12.92,5327.88,117383.97
266,195,Allegro.eu,ALE.WA,10620901460,10.0835,Poland,tech,37115.91,138414.25,17.0,6489.43,110700.01
267,196,Swedish Orphan Biovitrum,SOBI.ST,10590778641,30.7328,Sweden,biotech,91345.2,179253.47,20.46,17834.22,374313.09
268,197,Red Elï¿½ctrica,RED.MC,10507757569,19.4441,Spain,energy,366689.16,825560.62,36.93,187255.06,952940.24
269,198,Deutsche Wohnen,DWNI.DE,10499331662,26451.0,Germany,real_estate,45544.22,162737.79,13.66,7928.82,195325.75
270,199,mBank,MBK.WA,10499018469,246886.0,Poland,bank,34703.81,81708.68,23.44,3664.79,89179.14
271,200,Carrefour,CA.PA,10486530167,14.4926,France,retail,65645.32,122439.68,25.21,10332.21,237915.75
272,201,CTP N.V.,CTPNV.AS,10477466876,21.8148,Netherlands,real_estate,56648.77,136951.31,22.75,6835.64,207127.36
273,202,Getlink,GET.PA,10340965033,18.9887,France,transportation,429843.71,832607.93,46.1,116582.78,823902.93
275,203,BAWAG Group,0B2.F,10243078142,130211.0,Austria,bank,28580.23,110830.71,15.87,2826.55,59014.8
276,204,Sofina,SOF.VI,10126428481,305734.0,Belgium,financial,17135.38,74808.4,11.46,1813.73,66339.03
277,205,Qiagen,QGEN,9954848768,45.91,Netherlands,biotech,78849.08,184372.68,27.26,17012.57,297610.09
278,206,Piraeus Financial Holdings,TPEIR.AT,9885526591,7.91545,Greece,bank,28299.53,105789.4,19.95,2578.48,95319.59
285,207,Scout24 (ImmoScout24),G24.F,9487614157,131379.0,Germany,tech,52853.24,123774.13,12.94,4282.36,106630.83
288,208,Alpha Services and Holdings,ALPHA.AT,9289680086,4.01261,Greece,bank,26166.78,106300.84,16.79,3143.43,56537.17
289,209,Komer?nï¿½ banka,KOMB.PR,9269843568,49.0842,Czech Republic,bank,27611.64,80977.45,20.43,2831.6,60835.37
290,210,SPIE,SPIE.PA,9252552761,55.0508,France,services,29020.01,81458.87,25.28,3858.31,103791.46
291,211,Indutrade,INDT.ST,9235719619,25.3504,Sweden,manufacturing,322532.96,599638.44,34.38,192257.88,897616.08
295,212,Italgas,IG.MI,9165744754,9.03305,Italy,energy,393185.58,1216662.38,31.57,258956.03,880276.15
297,213,Sodexo,SW.PA,9036055626,60.2593,France,food,197006.32,428674.9,19.76,100636.78,798381.05
299,214,CTS Eventim,EVD.F,9012846115,93.8923,Germany,entertainment,94677.92,250698.32,36.63,26323.06,344520.29
300,215,Acciona Energï¿½as Renovables,ANE.MC,8938893416,27.5371,Spain,energy,434963.12,922997.7,31.8,202949.21,885401.98
301,216,Kesko,KESKOA.HE,8811791494,22.1651,Finland,retail,70161.9,141851.47,28.62,9972.96,260345.1
304,217,LPP SA,LPP.WA,8727001946,4702.33,Poland,retail,80519.19,146655.28,23.14,8696.15,240077.46
305,218,Grifols,GRFS,8700609536,9.97,Spain,biotech,79006.76,183904.97,16.05,23042.35,284971.07
309,219,Elisa,ELISA.HE,8544001680,53229.0,Finland,tech,46185.14,146263.67,18.32,6282.2,88234.16
310,220,Fastighets AB Balder,BALD-B.ST,8527621441,7.16607,Sweden,real_estate,68478.03,107734.85,15.99,6747.21,189654.83
314,221,Merlin Properties,MRL.MC,8399816548,14.9247,Spain,real_estate,68215.64,105912.55,16.54,9009.54,120588.87
315,222,Financiï¿½re de Tubize,TUB.BR,8358783602,187785.0,Belgium,biotech,87674.53,224095.93,35.85,19439.97,330242.68
316,223,Randstad,RAND.AS,8232494254,46.8527,Netherlands,services,32919.48,123972.26,10.44,3968.09,67193.58
317,224,Technip Energies,TE.PA,8170604019,46.2455,France,energy,508626.05,1024685.56,32.42,196212.07,1115879.31
319,225,Millicom,TIGO,8108024832,48.54,Luxembourg,tech,55113.2,127826.66,24.58,6353.14,95607.29
321,226,OPAP (Organization of Football Prognostics),OPAP.AT,8069929022,22.5038,Greece,entertainment,82560.46,205354.94,36.92,38648.69,335165.39
322,227,Rockwool,ROCK-B.CO,8046443662,38.5852,Denmark,manufacturing,335789.22,615614.07,41.37,168981.79,749703.35
323,228,Brunello Cucinelli,BC.MI,7998059480,117833.0,Italy,retail,53607.05,131803.59,12.57,12453.67,165785.55
324,229,Lotus Bakeries,LOTB.BR,7992874307,9716.22,Belgium,food,154391.93,368084.65,24.83,100566.01,553974.23
325,230,CPI Property Group,O5G.DE,7965927788,0.951769,Luxembourg,real_estate,66060.98,147405.24,18.74,6992.9,124800.43
326,231,A2A,A2A.MI,7957572436,2.5435,Italy,energy,409763.8,895905.66,60.0,190898.28,1302688.29
328,232,Delivery Hero,DHER.F,7894128203,26.1474,Germany,food,221021.75,322894.12,23.02,100862.55,537079.86
329,233,OTE Group,OTE.F,7789484802,18.7551,Greece,tech,50902.27,124290.06,21.28,6105.41,128399.45
330,234,Sagax,SAGA-B.ST,7773789141,21.6776,Sweden,financial,17812.67,59158.19,19.54,1649.7,64719.15
331,235,Jazz Pharmaceuticals,JAZZ,7585916928,125059.0,Ireland,biotech,68835.02,154417.18,23.05,16348.07,378736.22
332,236,Nexi,NEXI.MI,7533131430,6.35525,Italy,financial,20070.3,54028.63,16.84,1927.09,45832.42
333,237,InPost,INPST.AS,7509416078,14.9364,Luxembourg,transportation,357396.33,892886.05,48.22,123715.42,854579.37
334,238,Covivio,COV.PA,7459275594,65.5144,France,real_estate,59282.39,151073.33,15.05,8072.78,209322.77
335,239,AAK,AAK.ST,7429112875,28.6221,Sweden,food,203000.97,496523.47,43.69,133713.0,823355.33
336,240,AUTO1,AG1.F,7350900566,33.0025,Germany,tech,36655.39,136483.64,16.94,4008.38,84817.01
337,241,Zalando,ZAL.DE,7346444259,28.3429,Germany,retail,66618.32,169285.0,19.68,9747.2,248517.16
338,242,Fincantieri,FCT.MI,7331786218,22.6323,Italy,manufacturing,292489.6,532081.06,22.03,181774.85,947678.85
339,243,Nordnet AB,SAVE.ST,7308555247,29.2131,Sweden,financial,19128.39,75071.23,25.98,2455.23,45100.11
340,244,Gecina,GFC.PA,7299268269,97.9213,France,financial,21278.53,56285.53,17.78,2171.34,68791.4
342,245,A1 Telekom Austria,TA1.F,7266703681,10.8724,Austria,tech,52991.58,115383.61,21.17,5207.74,112235.2
343,246,Romgaz,SNG.RO,7177913557,1.86235,Romania,energy,555281.98,892869.17,58.76,184274.92,1136454.29
344,247,Unicaja Banco,UNI.MC,7143579729,2.78174,Spain,bank,31940.78,100019.91,21.85,3685.88,65862.92
345,248,RENK Group,R3NK.DE,7097979860,70.9798,Germany,manufacturing,323562.2,553563.13,28.87,131074.76,809042.84
346,249,PGE Polska,PGE.WA,7071643462,3.15176,Poland,energy,558753.45,1045645.37,43.19,194313.4,1233270.81
347,250,Indra Sistemas,IDR.MC,7068183050,40.2195,Spain,services,40107.69,108020.51,21.33,3563.31,77222.53
350,251,Edenred,EDEN.PA,6990312173,28.9151,France,financial,23104.81,62237.11,25.42,1926.75,64845.37
352,252,Compagnie du Cambodge,CBDG.PA,6983331441,115.03,France,financial,23365.82,61950.11,15.2,2434.95,63601.87
353,253,CD Projekt,CDR.WA,6967873184,69.7412,Poland,tech,51488.15,120551.17,11.88,6191.71,81671.48
354,254,Vienna Insurance Group,WSV2.F,6958309033,54.3618,Austria,insurance,20373.94,62010.9,16.52,2495.71,63103.13
355,255,ALK-Abellï¿½,ALK-B.CO,6940473969,31.3251,Denmark,biotech,77500.52,223818.55,30.04,22910.02,406963.23
356,256,Lottomatica Group,LTMC.MI,6864977107,27.4904,Italy,entertainment,83672.46,187270.95,15.12,30993.35,296313.97
357,257,MOL Group,MOL.BD,6844142149,8.67514,Hungary,energy,420031.27,931743.85,25.42,251734.36,837175.08
359,258,Banca Transilvania,TLV.RO,6838064807,6.27852,Romania,bank,22502.26,102064.71,10.62,3044.66,58340.66
360,259,Sectra AB,SECT-B.ST,6811822408,35.3554,Sweden,tech,45974.18,107507.78,21.38,5783.47,98822.43
361,260,LEG Immobilien,LEG.DE,6808232583,84.1411,Germany,real_estate,50780.0,163566.23,13.74,6630.16,150176.05
363,261,Axfood,AXFO.ST,6772622288,31.3661,Sweden,retail,71600.02,134888.73,27.76,10866.94,242306.6
364,262,Grupo Catalana Occidente,GCO.MC,6746730997,57.1645,Spain,insurance,21779.45,57138.36,17.28,2878.31,80591.99
365,263,Thyssenkrupp,TKA.F,6688419919,10.7439,Germany,manufacturing,350607.17,441807.45,35.78,169157.23,707973.24
366,264,Banca Generali,BGN.MI,6687809441,58.4491,Italy,bank,34036.12,90563.3,12.53,2862.37,72460.63
367,265,Konecranes,KCR.HE,6628173369,83.6739,Finland,manufacturing,314653.83,644691.31,45.34,158811.67,849203.73
368,266,Banca Popolare di Sondrio,BPSO.MI,6627777545,14.4926,Italy,bank,28835.66,115898.96,16.64,3193.32,97599.07
370,267,Ternium,TX,6465404416,32935.0,Luxembourg,manufacturing,308960.38,610153.4,38.81,188674.74,1072264.02
371,268,Jyske Bank,JYSK.CO,6454217639,108042.0,Denmark,bank,35897.43,79521.57,21.97,3135.97,96542.43
372,269,Valmet,VALMT.HE,6409425060,34.7892,Finland,manufacturing,359323.65,565501.92,31.68,127464.27,964598.55
373,270,Elis,ELIS.PA,6351259277,27.1634,France,services,44180.83,115136.63,25.46,4140.08,102528.64
375,271,Hera Group,HER.MI,6335572812,4.31858,Italy,energy,358045.17,1102969.13,56.07,213899.18,1128184.42
377,272,Volvo Car,VOLCAR-B.ST,6278138199,2.11816,Sweden,manufacturing,269758.55,559483.9,41.36,167154.32,850412.72
378,273,IONOS Group,IOS.DE,6242683348,44.9609,Germany,tech,50174.77,138833.67,17.16,5820.16,92552.36
379,274,Sweco,SWEC-A.ST,6221868837,17.2028,Sweden,services,45454.98,123488.75,11.92,3331.53,86823.27
380,275,DCC plc,DCC.L,6219622524,63438.0,Ireland,energy,500047.86,1064025.21,33.84,196629.89,910819.28
381,276,Schaeffler,SHA0.DE,6179324618,6.53976,Germany,manufacturing,300046.97,474846.04,34.21,127067.57,955765.85
382,277,Public Power Corporation,PPC.AT,6166718643,16.6998,Greece,energy,378761.54,960407.15,63.06,161694.95,1136053.25
383,278,Oberbank,OBS.VI,6129498043,86.8854,Austria,bank,21241.04,101970.98,13.86,3040.83,57609.47
385,279,KBC Ancora,KBCA.BR,6069932526,77.7765,Belgium,financial,21418.7,70398.9,21.11,1643.08,41390.05
387,280,Lundbeck,HLUN-B.CO,6048795633,6.31821,Denmark,biotech,67853.93,164353.42,30.43,16364.91,297184.65
388,281,Franï¿½aise des Jeux,FDJ.VI,6029271486,32.6288,France,entertainment,79346.08,217884.38,21.41,31075.94,296842.75
390,282,Zabka Group,ZAB.WA,6021606745,6.02161,Poland,retail,57933.34,135201.15,26.41,12173.65,183393.57
391,283,Warehouses De Pauw,WDP.BR,5993631790,25762.0,Belgium,real_estate,68772.2,110534.47,19.14,8322.33,175075.63
392,284,Avanza Bank,AZA.ST,5979021412,38.0255,Sweden,bank,30194.82,76322.05,19.9,2550.85,86887.36
393,285,Nordex,NDX1.F,5948051054,25.0847,Germany,energy,484019.24,1092248.45,58.27,239114.73,999558.26
395,286,Corporaciï¿½n Financiera Alba,ALB.MC,5871019284,97.9515,Spain,financial,16021.7,65754.69,24.21,2423.65,57721.28
396,287,Scor,SCR.PA,5856767606,32.7455,France,insurance,17583.83,64685.34,11.42,3087.85,65555.96
397,288,Bechtle,BC8.F,5850657449,46.1988,Germany,services,33218.52,110154.29,19.17,3238.58,90402.73
399,289,DiaSorin,DIA.MI,5753453384,100432.0,Italy,biotech,81809.8,175069.94,27.76,19356.57,270225.28
401,290,GamaLife,BTRVB.LS,5749279528,114986.0,Portugal,insurance,21439.9,80938.8,18.3,2106.93,61403.53
402,291,Fortnox AB,FNOX.ST,5745976981,9.41177,Sweden,tech,41249.21,106258.94,21.55,4289.38,126298.75
403,292,Iveco Group,IVG.MI,5731021171,21482.0,Italy,manufacturing,292346.61,407745.32,39.04,138018.18,981940.88
404,293,United Internet,UTDI.F,5643612851,31.8346,Germany,tech,57632.79,123355.17,22.14,5946.84,129554.5
405,294,Fuchs Petrolub,FPE.F,5637164868,37.3701,Germany,energy,362284.2,1211399.39,46.11,214674.17,1144435.09
406,295,Ringkjï¿½bing Landbobank,RILBA.CO,5627853042,227506.0,Denmark,bank,21684.18,112971.02,24.07,3226.42,95404.62
407,296,Castellum,CAST.ST,5606462704,11.3929,Sweden,real_estate,45705.62,153854.24,20.08,9138.87,186203.34
408,297,Richter Gedeon,RIG2.F,5603617298,30.6435,Hungary,biotech,77274.7,197486.7,17.2,21624.18,323729.04
410,298,Saipem,SPM.MI,5474349704,2.79692,Italy,energy,559275.79,1216244.28,34.38,167251.19,1398244.15
413,299,Credito Emiliano,CE.MI,5436302777,15.8122,Italy,bank,33935.41,94312.25,22.31,2825.79,68073.95
415,300,Reply,REY.MI,5411281564,145159.0,Italy,services,43819.5,103604.24,18.64,5101.5,100444.75
416,301,Fielmann,FIE.F,5373389498,63.2956,Germany,retail,54873.51,172277.51,25.89,9399.36,219034.48
417,302,Colruyt,COLR.BR,5367607002,44.0033,Belgium,retail,78346.94,176679.57,17.2,8494.69,261677.67
422,303,Technoprobe,TPRO.MI,5220090850,8.03457,Italy,manufacturing,210028.56,630021.07,23.75,124032.1,915101.13
423,304,Azimut Holding,AZM.MI,5188437495,36.5059,Italy,financial,19839.61,71983.33,12.15,2357.58,56877.0
425,305,Interpump Group,IP.MI,5127874645,48.0206,Italy,manufacturing,357891.6,460455.2,27.18,186551.78,983697.51
426,306,Merus,MRUS,5127256064,67.79,Netherlands,biotech,57468.53,210458.94,31.75,16547.91,254737.34
427,307,Jumbo S.A.,5JB.F,5045334002,35.6417,Greece,retail,72398.59,183166.45,21.55,10334.52,252790.08
428,308,ACEA,ACE.MI,5033835976,23.6833,Italy,energy,440548.14,848339.19,45.41,254443.93,821988.89
429,309,Krones,KRN.F,5010327206,158589.0,Germany,manufacturing,338273.7,502102.08,41.9,129530.17,1045519.14
431,310,EVN Group,EVN.F,4861397867,27.2685,Austria,energy,481841.18,955122.99,27.58,185515.35,813817.73
432,311,Zealand Pharma,ZEAL.CO,4860942469,69.0653,Denmark,biotech,61488.44,224671.22,33.99,25434.69,303795.12
434,312,Bank Millennium,MIL.WA,4803850867,3.96331,Poland,bank,25429.61,82616.2,16.25,2997.06,94574.88
435,313,Alkermes,ALKS,4778182656,28945.0,Ireland,biotech,86489.64,184818.85,19.9,23227.29,355687.53
437,314,Just Eat Takeaway,TKWY.AS,4706679455,23.5665,Netherlands,food,178682.97,467430.73,34.16,135690.79,752714.86
438,315,Teleperformance,TEP.PA,4571417700,78.5706,France,services,36532.01,119996.22,18.62,4311.6,64855.28
440,316,Eurazeo,RF.PA,4560438071,65748.0,France,financial,17643.72,65837.08,16.26,2328.01,63360.72
441,317,Uniqa Insurance Group,UN9.F,4502448376,14621.0,Austria,insurance,21584.6,81053.35,17.4,2474.14,70188.32
442,318,Mycronic,MYCR.ST,4460716959,22.8544,Sweden,manufacturing,345244.55,436951.72,24.17,167441.45,855689.36
445,319,Logista (Compaï¿½ï¿½a de Distribuciï¿½n Integral Logista),LOG.MC,4325657101,32.7689,Spain,transportation,300565.04,748660.49,39.41,108189.95,884099.52
446,320,Aroundtown,AT1.F,4314725306,3.93554,Luxembourg,real_estate,44331.99,125889.89,32.07,8756.72,146733.7
447,321,Vallourec,VK.PA,4302504094,17.9552,France,manufacturing,226549.03,583678.39,45.07,167158.4,849085.41
448,322,DMG Mori Aktiengesellschaft,GIL.F,4289593179,53.8363,Germany,manufacturing,251400.5,624111.18,39.47,167392.9,1050522.03
449,323,Tauron Polska,TPE.WA,4279788538,2.44204,Poland,energy,597970.44,978410.24,35.56,252664.85,968454.01
450,324,VEON,VEON,4276118528,60925.0,Netherlands,tech,44486.08,145743.83,24.47,6293.1,116063.81
451,325,Covivio Hotels,COVH.PA,4261940814,26.9765,France,financial,17680.87,64961.68,15.21,2275.17,59080.97
452,326,Arcadis,ARCAD.AS,4224126777,46736.0,Netherlands,services,33982.2,91239.61,22.26,5193.59,84230.38
453,327,Air France-KLM,AF.PA,4223580875,15.9173,France,transportation,451386.0,673746.25,33.88,89103.62,619514.73
454,328,1&1,1U1.DE,4189775900,23765.0,Germany,tech,49424.46,126565.04,18.79,6396.66,121044.98
455,329,VusionGroup,VU.PA,4180686002,250847.0,France,tech,49994.97,137724.82,10.97,4655.53,105058.97
456,330,Glanbia plc,GL9.IR,4157334783,16583.0,Ireland,food,215402.58,494928.93,23.78,118245.25,533016.49
460,331,Inmobiliaria Colonial,COL.MC,4081286071,6.65071,Spain,financial,20491.97,76451.05,22.51,2347.62,53762.9
461,332,Enagï¿½s,ENG.MC,4066257917,15.6429,Spain,energy,442146.55,1036692.19,55.76,228279.68,1133675.96
463,333,SCHOTT Pharma,1SXP.DE,4045480751,26.8597,Germany,biotech,93796.64,225065.61,34.82,18584.32,382374.99
466,334,Alm. Brand,ALMB.CO,3991352303,2.80079,Denmark,financial,16668.11,77557.52,24.9,1771.44,66306.89
468,335,Freenet,FNTN.F,3940475308,33.2827,Germany,tech,42848.12,150918.57,15.04,5137.88,111758.64
469,336,Tikehau Capital,TKO.PA,3939296805,22.8425,France,financial,16272.98,49899.85,24.19,1796.92,68508.35
470,337,Iren,IRE.MI,3895839886,3.03632,Italy,energy,452523.37,864115.77,35.98,192715.74,1203406.33
473,338,Brederode,BREB.BR,3860440554,131262.0,Luxembourg,financial,14071.17,76576.23,22.71,2488.84,43319.95
475,339,Sydbank A/S,SYDB.CO,3847757572,77.5147,Denmark,bank,30118.37,90901.77,24.76,3644.57,83129.31
478,340,Alior Bank S.A.,ALR.WA,3828882518,29328.0,Poland,bank,34668.72,110907.71,11.09,3318.2,65428.31
484,341,Spar Nord Bank A/S,SPNO.CO,3772016451,32.7959,Denmark,bank,22629.33,109197.68,16.46,3722.98,88382.21
486,342,Bank Handlowy w Warszawie,BHW.WA,3743158245,28.6847,Poland,bank,27824.2,86039.58,15.06,2513.5,76821.15
487,343,MONETA Money Bank,MONET.PR,3733137886,7.30555,Czech Republic,bank,27245.87,81342.79,10.14,3591.57,75501.02
488,344,Sociï¿½tï¿½ Fonciï¿½re Lyonnaise,FLY.PA,3717447976,86.4183,France,financial,15167.15,65551.2,19.74,1816.5,53215.67
491,345,flatexDEGIRO AG,FTK.DE,3683599651,33.4462,Germany,financial,23638.86,64621.27,10.76,2067.52,60035.1
492,346,L.D.C. S.A.,LOUP.PA,3667169970,105.57,France,food,219026.81,330339.02,27.17,127610.37,596351.7
494,347,Sopra Steria Group,SOP.PA,3641672812,188135.0,France,services,40391.7,90679.61,10.53,3748.32,96650.16
495,348,Vidrala,VID.MC,3618070168,107906.0,Spain,manufacturing,307421.92,432647.23,43.78,162193.55,928412.71
496,349,Asseco,ACP.WA,3613471743,52.9901,Poland,tech,52076.44,137083.0,12.51,4401.67,88662.71
497,350,Aedifica,AED.BR,3612147758,75.9664,Belgium,real_estate,42576.34,165146.13,23.35,9111.63,208682.39
501,351,Brembo,BRE.MI,3562194125,11.0884,Italy,manufacturing,296117.28,511692.87,35.83,140571.06,901240.34
503,352,Pandox AB,PNDX-B.ST,3557202416,18.2793,Sweden,real_estate,59108.23,133523.37,17.56,7974.64,146278.58
504,353,PUMA,PUM.DE,3553419331,24.1504,Germany,retail,56558.22,166827.01,32.3,10366.51,203340.24
505,354,ERG,ERG.MI,3551123313,24.4307,Italy,energy,422244.5,944575.35,36.52,193386.48,1008071.9
508,355,Laboratorios Farmaceuticos Rovi,ROVI.MC,3485429402,68142.0,Spain,biotech,58006.71,153440.46,24.47,16268.84,250273.96
509,356,Mandatum,MANTA.HE,3453069901,6.86909,Finland,financial,23207.46,69987.18,21.66,1902.85,45691.97
511,357,Trigano,TRI.PA,3428014010,177625.0,France,manufacturing,280833.31,619385.04,25.43,121179.39,826777.34
513,358,Groupe Lagardï¿½re,MMB.PA,3416477417,24057.0,France,entertainment,119709.4,172245.91,21.07,33837.68,292507.47
514,359,Rubis,RUI.PA,3389690543,32.8857,France,energy,421799.48,970483.91,34.39,250651.61,1085096.39
515,360,Cofinimmo,COFB.BR,3382222506,88.8123,Belgium,real_estate,44140.7,138556.17,13.92,6743.14,192031.22
516,361,Orange Polska,OPL.WA,3362160948,2.56192,Poland,tech,43302.02,104621.67,18.66,6148.92,139812.29
520,362,SYNLAB,SYAB.VI,3310869569,15.0648,Germany,biotech,90512.89,233088.31,36.08,24435.93,403985.6
522,363,B&M European Value Retail,BME.L,3300638731,3.28808,Luxembourg,retail,82312.48,194619.94,14.7,10935.07,232319.71
524,364,Signify,LIGHT.AS,3291404241,26416.0,Netherlands,manufacturing,334637.73,424210.56,25.22,163806.19,841265.51
525,365,Virbac SA,VIRP.PA,3287338078,392386.0,France,biotech,79615.41,182889.91,28.59,18035.53,400867.84
526,366,Melexis NV,MELE.BR,3259446843,80.2873,Belgium,tech,44491.92,126520.68,10.77,4104.5,127867.4
527,367,Perrigo,PRGO,3259341568,23.69,Ireland,biotech,86414.78,171563.7,35.21,20722.42,378999.34
528,368,Motor Oil (Hellas) Corinth Refineries,MOH.AT,3246455807,29.9428,Greece,energy,547796.87,1067949.0,47.83,216674.0,878141.76
529,369,Carel Industries,CRL.MI,3212307326,27.9108,Italy,manufacturing,245114.37,527765.5,38.95,151806.37,758939.98
531,370,Immofinanz,IMO1.F,3179807614,22.8425,Austria,real_estate,55734.71,132581.28,21.3,10016.49,163313.76
532,371,TAG Immobilien,TEG.F,3168657577,17.7508,Germany,real_estate,49025.63,107890.7,26.67,9913.74,141592.12
533,372,ID Logistics Group,IDL.PA,3148610173,482308.0,France,transportation,361825.9,744854.84,52.56,127751.82,603818.32
534,373,Ebro Foods,EBRO.MC,3148096260,20.4601,Spain,food,208511.06,473486.55,30.13,144760.87,596565.97
536,374,VGP NV,VGP.BR,3136053527,113512.0,Belgium,real_estate,64169.02,150891.3,25.36,8804.28,188701.05
540,375,Wihlborgs Fastigheter AB,WIHL.ST,3075824156,10.0051,Sweden,real_estate,53468.8,111034.19,14.12,7484.51,156474.21
542,376,HELLENiQ ENERGY,ELPE.AT,3067771813,10.0374,Greece,energy,391006.69,960832.68,62.1,221444.08,946068.79
543,377,Pluxee,PLX.PA,3062832983,20.4835,France,services,42903.98,80994.93,12.32,3486.27,91112.06
544,378,Kojamo,KOJAMO.HE,3051482942,12.3555,Finland,real_estate,57641.2,129447.6,21.1,9627.56,202532.72
547,379,Globant,GLOB,2984197632,67.74,Luxembourg,tech,36915.06,127886.65,15.99,5151.52,137856.37
549,380,Loomis AB,LOOMIS.ST,2940251293,43.2708,Sweden,transportation,475590.44,861072.26,57.81,105689.19,788882.79
550,381,SES S.A.,SESG.PA,2928416390,6.95434,Luxembourg,tech,41935.57,128613.8,19.49,4550.71,96034.66
551,382,DO &amp, CO Aktiengesellschaft DOC.VI,2924486851,266262.0,Austria,food,145846.09,415736.27,29.82,129260.82,784147.95
552,383,LEW (Lechwerke),LEC.F,2918188049,82331.0,Germany,energy,523390.03,906648.83,27.79,223338.43,1212861.43
553,384,Unibel S.A.,UNBL.PA,2915692559,1370.66,France,food,175798.79,345538.48,31.27,107296.66,655354.8
554,385,Bavarian Nordic,BAVA.CO,2888434878,37.0988,Denmark,biotech,95328.8,188124.85,17.49,19096.53,286914.66
555,386,BioArctic AB,BIOA-B.ST,2887137402,32.6114,Sweden,biotech,92910.1,225349.72,15.82,16396.55,369604.75
556,387,Almirall,ALM.MC,2856563291,13.3131,Spain,biotech,94260.57,166710.81,31.5,25612.38,256838.61
557,388,Benefit Systems,BFT.WA,2855673477,871764.0,Poland,services,34498.95,90207.11,21.62,3780.69,75755.16
558,389,Carmila,CARM.PA,2844963618,20.0164,France,financial,22212.53,62256.95,14.88,1877.27,54198.86
559,390,Sociï¿½tï¿½ Industrielle et Financiï¿½re de l'Artois,ARTO.PA,2844481993,10685.5,France,financial,17773.56,50799.83,16.18,2015.52,61189.03
560,391,Corem Property Group AB,CORE-PREF.ST,2838676637,26.6485,Sweden,real_estate,50746.99,111040.29,15.62,9229.92,127699.45
561,392,Proximus,PROX.VI,2831618613,8.66519,Belgium,tech,58074.44,130842.37,19.62,4575.46,116158.25
562,393,Coface,COFA.PA,2812173017,18.8369,France,insurance,26535.38,63008.03,16.56,2651.16,54051.77
563,394,Catena AB,CATE.ST,2806762047,46.5003,Sweden,real_estate,45824.53,149526.47,30.4,7396.12,185386.47
565,395,Altarea,ALTA.PA,2791915144,119117.0,France,real_estate,50164.38,110005.0,12.76,6892.57,200762.49
566,396,Fabege AB,FABG.ST,2768880183,8.80192,Sweden,real_estate,50080.04,159738.66,26.21,8476.5,160074.76
568,397,ALTEN,ATE.PA,2732660546,78.5356,France,services,33475.87,87507.85,15.38,4327.96,70015.08
569,398,Bank fï¿½r Tirol und Vorarlberg,BTS.VI,2729644332,73.5723,Austria,bank,21966.62,114128.83,13.01,2699.58,83093.6
570,399,Cenergy Holdings,CENER.BR,2702316041,12.6591,Belgium,energy,514023.46,972256.3,53.17,212242.17,846664.21
571,400,NewAmsterdam Pharma Company,NAMS,2701945600,23.99,Netherlands,biotech,91805.59,229732.54,26.02,20987.92,241259.56
573,401,Van Lanschot Kempen,VLK.AS,2689307366,62.4781,Netherlands,bank,25545.85,105958.16,24.16,2646.05,66355.5
574,402,Enea,ENA.WA,2682358557,5.06362,Poland,energy,522040.77,1171899.5,45.54,183664.66,1155496.64
575,403,Hufvudstaden AB,HUFV-A.ST,2671033777,13.2029,Sweden,real_estate,65286.32,114777.22,31.81,10378.57,185936.8
576,404,Sinch,SINCH.ST,2649339508,3.13555,Sweden,tech,46679.56,142694.8,21.8,4708.89,84363.67
578,405,CMB.TECH,CMBT,2642251008,8415.0,Belgium,energy,522453.11,1040494.98,61.14,249781.57,956582.22
579,406,Hemnet Group AB,HEM.ST,2636863736,27.8411,Sweden,tech,40532.49,149702.87,15.57,5632.55,116093.93
582,407,BIC,BB.PA,2599364159,62.4781,France,manufacturing,223206.56,644849.25,29.01,146788.56,1047447.01
583,408,CA Immo,BZY.F,2594568232,27.07,Austria,real_estate,59964.84,108851.96,15.19,10337.35,196139.73
585,409,Forvia SE,FRVIA.PA,2557073784,13.3481,France,manufacturing,255041.73,633176.63,22.42,142125.4,707678.39
587,410,Kinnevik,KINV-A.ST,2545066091,9.46681,Sweden,financial,17803.92,55318.98,12.98,1803.45,67196.48
589,411,Ceconomy,CEC.DE,2518752112,5.19094,Germany,retail,64791.07,178916.6,16.28,8613.71,242922.34
590,412,Tradegate Exchange,T2G.F,2505096785,102768.0,Germany,financial,22733.89,50864.55,10.15,2186.68,59505.74
591,413,BFF Bank,BFF.MI,2494008933,13173.0,Italy,bank,32466.14,115844.59,13.5,3478.14,60039.78
593,414,Financiï¿½re Moncey Sociï¿½tï¿½ anonyme,FMONC.PA,2481946319,133131.0,France,financial,21383.92,50327.86,14.92,2402.27,43061.13
598,415,Bakkafrost,BAKKA.OL,2441041005,41175.0,Denmark,food,192057.47,353703.75,39.1,127119.6,565310.9
599,416,Antin Infrastructure Partners,ANTIN.PA,2433131427,13.6167,France,financial,17538.87,75493.3,24.49,1864.39,67799.04
600,417,Hornbach Baumarkt,HBM.HM,2432962066,76.4919,Germany,retail,73021.51,185999.96,24.34,9570.2,263940.6
601,418,XTB S.A.,XTB.WA,2428190323,20676.0,Poland,financial,17457.23,57528.47,20.04,2551.12,42964.23
602,419,MFE-Mediaforeurope,MFEA.MI,2416551219,3.53147,Italy,entertainment,101673.24,229729.72,24.48,33054.68,311362.6
603,420,KRUK Spï¿½lka Akcyjna,KRU.WA,2407596026,124127.0,Poland,financial,18796.87,55378.54,18.31,1959.28,43481.05
604,421,Sï¿½dzucker,SZU.F,2400571324,11.7599,Germany,food,209421.24,419185.94,38.52,150273.86,698544.77
607,422,Anima Holding,ANIM.MI,2368008082,7.26965,Italy,financial,15061.91,73484.05,13.22,2174.53,49081.23
608,423,Betsson AB,BETS-B.ST,2364421368,17.15,Sweden,entertainment,80075.93,201117.27,30.2,34262.26,207698.74
609,424,Lisi S.A.,FII.PA,2362555638,50.6832,France,manufacturing,237001.5,519057.84,39.73,139686.15,668764.07
610,425,Solvac,SOLV.BR,2361409572,110475.0,Belgium,financial,16629.05,70945.41,15.11,1782.13,62509.56
612,426,NOS,NOS.LS,2351368082,4.55448,Portugal,tech,55592.57,100235.13,19.12,4261.44,111044.63
614,427,OPmobility,OPM.PA,2345322350,16.0808,France,manufacturing,259760.87,497907.3,27.45,130315.52,847432.82
615,428,MVV Energie,MVV1.F,2332097527,35268.0,Germany,energy,598860.44,1180329.08,50.22,190962.28,1193112.23
616,429,REN (Redes Energï¿½ticas Nacionais),RENE.LS,2316123910,3.49177,Portugal,energy,593217.76,982569.45,47.71,161428.23,1207583.33
618,430,Peugeot Invest Sociï¿½tï¿½ anonyme,PEUG.PA,2304608245,90856.0,France,financial,14920.47,68259.73,19.32,2041.8,42007.85
621,431,NV Bekaert,BEKB.BR,2285743828,45136.0,Belgium,manufacturing,298999.07,412716.23,22.16,166743.08,974774.93
622,432,Grand City Properties,GYC.DE,2274823693,12916.0,Luxembourg,real_estate,55859.83,154953.56,31.59,7268.25,123728.32
623,433,AddLife AB,ALIF-B.ST,2272600596,18.6487,Sweden,healthcare,119869.23,281792.49,34.87,64288.54,389317.03
624,434,Clas Ohlson AB,CLAS-B.ST,2260811726,35.6298,Sweden,retail,53980.78,123489.62,18.93,11608.92,259745.97
626,435,Bure Equity AB,BURE.ST,2249007294,30.3318,Sweden,financial,19189.88,77415.17,11.04,2496.26,55989.7
628,436,Exail Technologies,EXA.PA,2240420199,128693.0,France,tech,54253.12,112183.8,17.52,5278.43,99745.64
630,437,ProSiebenSat.1 Media,PSM.F,2234806166,9.62863,Germany,entertainment,114713.57,186068.49,25.16,37455.9,261931.34
632,438,TietoEVRY,TIETO.HE,2215111685,18.7084,Finland,services,41335.94,127765.57,12.44,4893.67,105289.84
634,439,Cyfrowy Polsat,CPS.WA,2178843439,3.95647,Poland,tech,37430.6,127406.4,11.02,4004.34,124535.02
636,440,Star Bulk Carriers,SBLK,2173642496,19015.0,Greece,transportation,373638.63,746291.86,44.82,94543.42,589780.96
637,441,Mainova,MNV6.F,2170691813,394721.0,Germany,energy,433050.19,1088449.27,30.14,235859.92,1243751.38
638,442,Galapagos NV,GLPG,2150222336,32.63,Belgium,biotech,79744.51,229003.6,29.18,25049.5,326343.85
639,443,Grenergy Renovables,GRE.MC,2140741637,75908.0,Spain,energy,514208.03,1045750.14,39.76,216431.46,938644.66
641,444,Ermenegildo Zegna,ZGN,2117831808,8335.0,Italy,retail,70759.9,185506.35,30.93,9222.05,245228.4
642,445,Atrium Ljungberg,ATRLJ-B.ST,2107151371,3.34188,Sweden,real_estate,51239.9,145039.69,30.34,9381.3,193528.98
643,446,TF1,TFI.PA,2098913455,9.92643,France,entertainment,72129.65,188727.21,16.15,37237.6,231947.72
644,447,Moltiply Group (Gruppo Mutuionline),MOL.MI,2091413878,54.3034,Italy,financial,14143.36,69845.2,19.26,2339.72,67052.33
646,448,Construcciones y Auxiliar de Ferrocarriles,CAF.MC,2075460590,60.6096,Spain,manufacturing,326261.95,616697.93,37.68,133229.21,736794.03
647,449,Solaria Energï¿½a,SLR.MC,2073518243,16.5947,Spain,energy,542172.68,917325.75,42.67,229361.52,1341873.41
651,450,STEF SA,STF.PA,2038493509,161158.0,France,transportation,409929.75,1001725.22,51.82,123935.67,864382.23
652,451,Caisse Rï¿½gionale de Crï¿½dit Agricole Mutuel du Languedoc,CRLA.PA,2035183416,102429.0,France,bank,33175.69,96003.7,21.37,2628.74,89376.39
653,452,Wacker Neuson,WAC.F,2029418110,29.8377,Germany,manufacturing,293040.01,484644.49,21.16,143021.53,1026863.34
654,453,Optima bank,OPTIMA.AT,2028935737,9.16735,Greece,bank,29208.75,77155.75,10.35,3808.85,84366.72
656,454,Believe S.A.,BLV.PA,2022782828,20.0864,France,entertainment,71061.02,226103.87,29.04,32523.94,210363.39
657,455,Embracer Group,EMBRAC-B.ST,2014701623,8.95495,Sweden,entertainment,84838.56,176365.81,21.02,35866.27,276446.87
661,456,Ariston Holding,ARIS.MI,1986211719,5.2902,Italy,manufacturing,318569.94,546596.65,38.41,139820.73,702192.76
664,457,Vitrolife AB,VITR.ST,1968405097,14.5327,Sweden,biotech,90400.85,230731.65,37.0,23959.42,386694.65
667,458,Argan SA,ARG.PA,1958391488,75.7912,France,financial,16156.85,67692.32,22.01,1738.1,57087.13
671,459,Paradox Interactive,PDX.ST,1944088798,18.4059,Sweden,entertainment,88547.33,169362.67,33.89,35510.32,253498.79
672,460,Mï¿½tropole Tï¿½lï¿½vision (Groupe M6),MMT.PA,1940737563,15.4152,France,entertainment,97521.6,182466.37,25.5,32496.98,324358.07
674,461,Atoss,AOF.F,1928149077,121219.0,Germany,tech,38956.52,125783.91,17.84,5106.58,131332.07
675,462,Hornbach Holding,HBH.DE,1920437985,120051.0,Germany,retail,54976.39,194582.87,16.21,10491.67,173178.21
676,463,Redcare Pharmacy,RDC.DE,1912396094,95.1185,Netherlands,tech,54128.93,137561.6,11.23,6213.23,87503.21
677,464,Gimv NV,GIMB.BR,1910113380,51.3255,Belgium,financial,22718.97,74759.95,14.45,1653.73,60826.38
685,465,Icade,ICAD.PA,1852121741,24.3139,France,financial,21890.85,77400.76,22.06,2078.83,55503.47
686,466,OVH Groupe,OVH.PA,1851418735,12.2153,France,tech,44836.53,102543.87,23.42,5181.75,117665.82
690,467,Ipsos,IPS.PA,1835379945,42.5318,France,services,40596.25,92089.01,14.25,5045.19,82836.63
691,468,Montea Comm,MONT.BR,1835350198,79.7618,Belgium,real_estate,47245.66,136136.9,29.83,7388.97,173186.17
693,469,Jeudan,JDAN.CO,1828570942,33.0149,Denmark,real_estate,50764.44,143663.38,29.07,7939.87,188761.13
694,470,Metrovacesa,MVC.MC,1823243039,12.0285,Spain,real_estate,42818.29,133094.44,25.94,8654.17,150827.07
695,471,KSB SE & Co. KgaA,KSB.DE,1819880778,1068.55,Germany,manufacturing,320411.34,469794.52,39.34,150388.28,746815.72
696,472,Pfeiffer Vacuum,PFV.F,1811555173,182413.0,Germany,manufacturing,279401.84,458356.94,33.74,124859.52,1109699.18
698,473,Neinor Homes,HOME.MC,1808777829,20.1798,Spain,real_estate,58561.27,159325.06,29.65,9141.91,131581.63
701,474,Kontron AG,KTN.F,1796783527,29102.0,Austria,tech,58905.74,130165.83,14.21,4455.31,87826.39
702,475,Netcompany Group,NETC.CO,1795297370,38.2097,Denmark,services,36700.38,85024.75,11.83,4734.07,77223.39
703,476,Fagron,FAGR.BR,1775335792,24.2906,Belgium,biotech,59208.72,169187.72,38.03,23900.72,311680.13
704,477,Vimian Group,VIMIAN.ST,1771853981,3.3308,Sweden,healthcare,87460.03,317233.87,28.01,50337.29,481970.4
705,478,Storskogen Group,STOR-B.ST,1767333459,1.04779,Sweden,financial,19030.3,67750.34,22.96,2092.1,62969.65
707,479,Prodea Real Estate Investment Company,PRODEA.AT,1760388357,6.89011,Greece,financial,15029.83,67784.23,13.36,1628.15,41218.39
708,480,Dom Development,DOM.WA,1751193520,67.8799,Poland,real_estate,46120.55,156075.08,23.38,9427.81,168075.0
710,481,Eurocommercial Properties,ECMPA.AS,1736833547,31823.0,Netherlands,financial,16239.74,72815.27,15.01,1680.85,54890.28
711,482,(DIA) Distribuidora Internacional de Alimentaciï¿½n,DIA.MC,1725431636,29.7209,Spain,food,197572.72,432420.25,44.12,120236.25,686204.57
714,483,Gerresheimer,GXI.F,1719134329,49.7723,Germany,manufacturing,303673.98,431371.83,43.55,187021.13,1002616.34
715,484,Aixtron,AIXA.F,1714905681,15205.0,Germany,manufacturing,290334.97,410749.05,39.05,194116.66,733358.78
717,485,Eutelsat,ETL.PA,1704974955,3.59103,France,tech,59834.17,116524.6,13.27,5230.12,133078.63
718,486,Pharma Mar,PHM.MC,1686625947,96.7535,Spain,biotech,61352.8,191936.7,37.53,24607.1,336903.36
719,487,Elmos Semiconductor,ELG.DE,1685592888,98.33,Germany,tech,54437.85,131906.63,18.58,4214.28,86255.87
720,488,Realia Business,RLIA.MC,1681827479,1.1141,Spain,real_estate,48299.15,146264.3,31.6,10065.04,152017.57
721,489,Danaos,DAC,1678267136,91.66,Greece,transportation,397937.13,818879.96,37.21,110533.98,630072.39
723,490,Friedrich Vorwerk Group,VH2.DE,1667639853,83382.0,Germany,energy,372717.9,1044773.34,48.31,171231.97,944338.28
724,491,TeamViewer,TMV.DE,1663428992,10.6563,Germany,tech,44219.0,144511.24,22.37,4495.07,91204.06
725,492,Xior Student Housing,XIOR.BR,1660476307,35.56,Belgium,financial,18862.67,50817.69,23.18,1733.77,54880.33
726,493,Caisse Rï¿½gionale de Crï¿½dit Agricole Mutuel Nord de France,CNDF.PA,1657041399,27.9458,France,bank,28402.89,99252.48,13.79,3050.99,62976.65
727,494,NP3 Fastigheter AB,NP3.ST,1654033372,26.8596,Sweden,real_estate,53007.81,161066.23,17.78,6469.64,130236.37
729,495,TKH Group,TWEKA.AS,1643249448,41.2005,Netherlands,manufacturing,271212.46,426085.86,26.16,158691.57,830616.84
730,496,Deutsche EuroShop,DEQ.F,1641722357,21.6746,Germany,financial,16653.4,53532.0,21.81,2161.02,65543.66
731,497,Nolato AB,NOLA-B.ST,1638969828,6.0843,Sweden,manufacturing,261503.92,608550.37,25.53,163346.5,1069292.61
732,498,Truecaller,TRUE-B.ST,1637810761,4.76612,Sweden,tech,36573.37,145082.66,20.62,5519.11,113224.63
734,499,Biotest,BIO.F,1631286537,49.2818,Germany,biotech,90842.72,159357.73,24.87,21538.24,311066.57
735,500,Fluxys Belgium,FLUX.BR,1593527808,23.3563,Belgium,energy,464592.98,951106.93,40.66,251290.9,1226834.96
736,501,Soitec,SOI.PA,1576820392,42.9873,France,tech,38801.77,102716.47,15.38,5650.03,131540.36
738,502,Terveystalo,TTALO.HE,1573758288,12.4256,Finland,healthcare,111762.2,223532.91,26.71,46104.02,494902.34
740,503,Douglas Group,DOU.DE,1556962529,14.4576,Germany,retail,57144.57,151587.42,13.6,11803.41,226161.91
741,504,Vitec Software Group,VIT-B.ST,1553629562,39.0704,Sweden,tech,54669.53,144258.11,24.16,6451.09,113656.59
743,505,Faes Farma,FAE.MC,1533949884,4.92818,Spain,biotech,80154.57,218606.83,30.22,16395.78,341379.59
744,506,Cimpress,CMPR,1533496064,62.64,Ireland,tech,51275.04,101853.75,18.53,4726.95,80733.76
746,507,Planisware,PLNW.PA,1524271631,21698.0,France,tech,55513.57,136609.29,11.45,6206.78,106526.83
747,508,Pharvaris,PHVS,1514896128,23.56,Netherlands,biotech,60782.04,174531.5,37.51,16183.86,304070.68
748,509,Palfinger,PFI.F,1512390038,43.5011,Austria,manufacturing,269528.87,595028.37,20.26,172851.76,714404.83
750,510,Ubisoft,UBI.PA,1502686074,11.1293,France,entertainment,85392.42,241058.37,22.6,37553.18,291869.21
751,511,Cibus Nordic Real Estate,CIBUS.ST,1493542143,18.1948,Sweden,real_estate,68356.72,139450.13,24.11,9924.31,159678.62
752,512,New Wave Group,NEWA-B.ST,1489982484,11.2293,Sweden,retail,49410.49,137797.66,19.93,11769.37,209337.35
754,513,Norion Bank,NORION.ST,1487280373,7.31382,Sweden,bank,32819.23,79451.83,12.66,3876.54,78162.83
755,514,secunet,YSN.F,1479257724,227257.0,Germany,tech,45417.43,155003.9,11.75,4836.94,99560.43
757,515,Avadel Pharmaceuticals,AVDL,1445783296,14.89,Ireland,biotech,92641.0,166990.95,23.35,23838.81,332711.95
758,516,DEUTZ,DEZ.DE,1445471285,10.4169,Germany,manufacturing,250062.65,422176.92,32.86,124540.65,830058.49
760,517,Nexus AG,NXU.DE,1438106838,83.2652,Germany,tech,48193.8,116838.49,23.38,5686.61,118408.6
761,518,Qt Group,QTCOM.HE,1432202365,56.4055,Finland,tech,35770.44,96399.31,15.64,4341.92,113975.95
762,519,Wavestone SA,WAVE.PA,1422992733,57.5733,France,services,29649.46,96068.25,10.06,5181.06,65175.87
763,520,ChemoMetec,CHEMM.CO,1422740685,81755.0,Denmark,biotech,72888.86,147856.68,35.62,21265.49,404503.63
764,521,Italmobiliare,ITM.MI,1419160805,33.0492,Italy,food,157556.6,370804.5,32.73,98742.86,524334.02
766,522,HelloFresh,HFG.DE,1413260517,8.70256,Germany,food,218442.25,489154.3,23.33,124515.64,817054.31
767,523,Electrica,ECEA.F,1409772245,14.0138,Romania,energy,597493.99,1181943.27,51.98,181012.2,1352029.4
768,524,Barco NV,BAR.BR,1395858018,16653.0,Belgium,manufacturing,285283.08,626359.22,41.29,187597.66,956963.59
770,525,Dole PLC,DOLE,1385573376,14.56,Ireland,food,205430.93,477513.54,34.86,141357.05,588531.18
771,526,SeSa S.p.A.,SES.MI,1377132020,88462.0,Italy,services,42816.81,129936.02,16.77,4883.59,93669.75
772,527,About You,YOU.DE,1374990565,7.82436,Germany,retail,76414.56,173355.86,26.15,8618.73,220060.85
774,528,thyssenkrupp nucera,NCH2.DE,1369069500,10.7906,Germany,energy,596243.5,878189.55,47.41,239769.19,1030093.5
775,529,CompuGroup Medical,COP.DE,1369036614,26.4627,Germany,healthcare,102373.38,239574.85,29.42,43543.16,418463.86
776,530,Caisse Rï¿½gionale de Crï¿½dit Agricole Mutuel Alpes Provence,CRAP.PA,1368152289,172813.0,France,bank,30702.35,112361.85,19.34,3843.08,62296.9
780,531,Karnov Group,KAR.ST,1334331020,12.3691,Sweden,services,36010.75,99021.19,13.96,4803.35,84027.77
781,532,B.F. S.p.A.,BFG.MI,1333422778,5.09167,Italy,food,196480.79,378558.19,18.57,108933.96,592755.91
783,533,Sanlorenzo,SL.MI,1330059620,38.1292,Italy,manufacturing,317252.21,575632.73,22.12,178472.82,777707.99
784,534,Siltronic,WAF.F,1325895248,43.9332,Germany,tech,59587.08,102061.2,12.49,5955.53,132181.91
785,535,Caisse rï¿½gionale de Crï¿½dit Agricole Mutuel Atlantique Vendï¿½e,CRAV.PA,1321658826,175172.0,France,bank,22795.66,75488.05,21.94,2732.62,75681.32
789,536,Navitas Semiconductor,NVTS,1309627776,6.1454,Ireland,tech,37669.75,151100.53,15.48,6106.97,96723.08
790,537,Puuilo,PUUILO.HE,1307139204,15.4969,Finland,retail,63739.49,183921.68,18.4,12457.73,172602.53
792,538,ï¿½lectricite de Strasbourg,ELEC.PA,1293499723,179.26,France,energy,364511.17,1126167.16,55.28,203248.19,1338644.63
794,539,Ramsay Gï¿½nï¿½rale de Santï¿½,GDS.PA,1288823978,11.6782,France,healthcare,129058.94,251769.49,23.79,62596.95,532125.49
795,540,Modern Times Group (MTG),MTG-B.ST,1287414597,10.4378,Sweden,entertainment,108279.87,199764.84,15.3,38070.68,200151.72
796,541,Criteo,CRTO,1287254016,24.6,France,tech,39107.68,96029.69,11.58,4503.69,91454.46
797,542,Northern Data AG,NB2.DE,1283457037,19.9112,Germany,tech,37916.74,98634.57,20.53,4137.34,125097.7
798,543,VIEL & Cie,VIL.PA,1276667192,19.9112,France,financial,15519.99,71364.91,24.2,1959.51,57767.34
799,544,Adtran Networks,ADV.DE,1276590509,24.5241,Germany,tech,50168.9,116633.35,22.83,6342.05,115785.06
800,545,Evotec,EVO,1260952960,3.55,Germany,biotech,90769.87,183405.6,15.2,16038.54,282592.05
801,546,Cosmo Pharmaceuticals,C43.F,1256423819,78.8275,Ireland,biotech,73599.28,149726.1,24.34,23468.19,326545.68
802,547,engcon AB,ENGCON-B.ST,1253631992,8.22145,Sweden,manufacturing,235139.53,519049.11,33.32,179241.3,988904.57
803,548,AMS-Osram,AMS.SW,1253070816,12.5843,Austria,manufacturing,327136.01,619388.0,22.35,120238.06,862811.16
805,549,PNE AG,PNE3.DE,1248840384,16.3027,Germany,energy,372944.96,977500.13,42.98,178986.38,1079997.85
806,550,Comer Industries,COM.MI,1243526134,43.4427,Italy,manufacturing,337195.04,613168.9,43.61,152458.86,863953.36
807,551,Cembre S.p.A.,CMB.MI,1240992144,71.9374,Italy,manufacturing,320304.14,417750.0,22.77,164565.66,689156.07
808,552,Yubico,YUBICO.ST,1237313739,14.3163,Sweden,tech,53922.29,128326.7,14.85,5546.55,95735.92
809,553,Prosegur Cash,CASH.MC,1229571473,0.839659,Spain,transportation,372019.31,950830.38,25.4,109896.16,896396.94
811,554,Sedlmayr Grund und Immobilien AG,SPB.F,1226251291,1669.98,Germany,real_estate,57538.27,107382.78,16.23,7785.7,209375.33
812,555,Grupa Pracuj,GPP.WA,1220115682,17.8732,Poland,services,46140.89,120147.01,10.96,4165.87,82139.69
813,556,Lenzing,LEN.F,1219925583,31.5894,Austria,manufacturing,257819.24,510195.37,21.31,131492.53,664736.99
814,557,Rusta AB,RUSTA.ST,1218746194,7.96816,Sweden,retail,80184.44,127755.18,14.98,12440.96,214442.4
816,558,Curevac,CVAC,1215934208,5.4,Germany,biotech,82546.07,222156.82,30.32,16324.9,415943.33
817,559,Biotage AB,BIOT.ST,1209834079,15.1131,Sweden,biotech,92753.88,146884.09,22.15,21215.56,408803.29
818,560,Polenergia,PEP.WA,1204725595,15.6014,Poland,energy,354725.21,927024.69,35.15,201304.03,1222499.8
820,561,Mercialys,MERY.PA,1192653197,12.6591,France,financial,14245.94,66521.98,20.0,1711.57,48302.29
821,562,GasLog,GLOP-PA,1188540672,25.9,Greece,energy,440353.47,933837.76,28.11,255577.65,948406.4
823,563,OVS S.p.A.,OVS.MI,1180762710,4.83709,Italy,retail,54290.12,166346.45,19.42,11405.98,211165.92
824,564,Corbion,CRBN.AS,1179905216,20.2032,Netherlands,food,202143.11,411945.93,23.2,155328.66,581443.88
825,565,Neurones,NRO.PA,1173161187,47.8804,France,services,30446.33,127756.24,16.05,3544.26,104713.84
826,566,Telia Lietuva,ZWS.F,1170261866,1.95025,Lithuania,tech,36079.0,127681.01,15.88,5724.97,139640.71
827,567,Banco di Desio e della Brianza,BDB.MI,1163846022,8.70022,Italy,bank,34581.19,89828.19,11.18,2851.13,89143.02
828,568,LuxExperience,LUXE,1163270144,8.53,Germany,retail,78857.29,153130.43,15.72,9395.24,256633.59
830,569,Trustpilot Group,TRST.L,1159065994,2.83958,Denmark,tech,58693.72,110235.33,12.22,4980.27,99182.96
832,570,Caisse Rï¿½gionale de Crï¿½dit Agricole Mutuel Sud Rhï¿½ne Alpes,CRSU.PA,1147738695,251139.0,France,bank,32115.04,112608.3,17.06,3276.1,85945.1
834,571,Retail Estates NV,RET.BR,1138636240,76.7254,Belgium,financial,21206.35,68077.85,10.95,2222.76,59576.81
835,572,Hypoport,HYQ.F,1133678874,169333.0,Germany,financial,20797.03,77182.56,22.94,2463.31,61124.87
836,573,Altareit,AREIT.PA,1133216307,648137.0,France,real_estate,57754.38,142661.97,13.95,6490.87,155609.86
837,574,Creades AB,CRED-A.ST,1131921890,8.33755,Sweden,financial,23632.89,66836.42,21.92,1680.33,60451.6
838,575,Bilia AB,BILI-A.ST,1130159352,12.2108,Sweden,retail,56046.06,155019.16,16.14,9899.06,259117.86
842,576,X-FAB,XFAB.PA,1116327647,8.32068,Belgium,tech,46408.78,135277.8,19.02,5145.12,125242.61
843,577,Jumia,JMIA,1116250240,9115.0,Germany,tech,52356.38,118921.59,19.51,5244.71,95364.52
844,578,Zeal Network,TIMA.F,1116232577,52902.0,Germany,tech,44633.08,116031.45,12.7,6457.83,98294.41
847,579,BASSAC,BASS.PA,1107129973,66.5655,France,real_estate,55661.81,133615.04,23.76,8980.47,201705.3
848,580,Frey SA,FREY.PA,1102763354,34.5673,France,financial,18458.2,77064.31,23.84,2147.19,68472.81
849,581,Kinepolis Group,KIN.BR,1094870494,40.5816,Belgium,entertainment,76238.32,236159.43,26.9,28755.04,276229.34
850,582,Voltalia,VLTSA.PA,1088878874,8.17471,France,energy,568978.75,1005385.0,54.21,225894.0,994032.27
851,583,Ferretti,F3T1.F,1085879551,3.13208,Italy,manufacturing,279038.18,413047.27,29.78,194834.22,1074630.78
853,584,TF Bank AB,TFBANK.ST,1072586216,16.5907,Sweden,bank,23590.74,75614.61,22.99,2985.85,72476.43
855,585,Wild Bunch,WBAH.F,1062504491,44377.0,Germany,entertainment,103725.98,212497.62,25.59,36869.47,246977.44
859,586,Lectra SA,LSS.PA,1054481135,27.3269,France,tech,56092.14,127772.58,13.8,4817.39,91044.25
860,587,Develia,DVL.WA,1053869384,2.27452,Poland,real_estate,59185.08,144265.48,25.32,8573.34,128806.77
861,588,D/S Norden (Dampskibsselskabet Norden),DNORD.CO,1049935011,36.1756,Denmark,transportation,424194.91,781454.73,50.21,83697.7,668079.21
862,589,Kempower,KEMPOWR.HE,1043143576,18.8369,Finland,manufacturing,310443.91,597687.6,22.6,163457.9,783592.2
863,590,Einhell Germany,EIN.DE,1041148814,91.6735,Germany,manufacturing,258299.21,484356.87,38.58,171554.03,815863.15
864,591,Vetoquinol,VETO.PA,1038975541,88.0533,France,biotech,66480.46,225339.09,27.11,25592.46,266172.79
865,592,Navigo Invest,NAVIGO-STAM.ST,1038646691,0.236406,Sweden,financial,23321.86,72400.69,12.45,2396.86,66342.35
868,593,Fnac Darty,FNAC.PA,1018298825,34.8593,France,retail,53306.45,182571.19,16.99,11961.85,199168.44
869,594,Atos,ATO.PA,1016211332,52.0262,France,services,45547.38,113642.04,12.77,4926.62,111053.47
870,595,Volati AB,VOLO.ST,1015997286,11.4404,Sweden,financial,15442.54,59164.03,11.59,2500.09,54466.18
871,596,atai Life Sciences,ATAI,1008460288,4705.0,Germany,biotech,84990.78,177394.55,24.26,18207.69,303297.38
872,597,Worldline,WLN.PA,1001116286,3.37382,France,financial,23934.83,48780.93,23.15,2550.44,40056.6
874,598,Pharming Group,PHAR,1000316096,14.6,Netherlands,biotech,89957.35,223319.27,24.19,23796.17,392602.32
875,599,Arjo AB,ARJO-B.ST,998044992,3.6643,Sweden,healthcare,86870.82,259603.05,38.64,48225.21,536921.74
876,600,GAG Immobilien,GWK3.HM,989940464,61.3103,Germany,real_estate,58466.58,166306.76,28.46,7314.7,153049.59
877,601,MedCap,MCAP.ST,978577212,65.2228,Sweden,biotech,57211.54,176803.32,38.45,18088.55,278011.71
878,602,Cloetta,CLA-B.ST,978482649,3.41312,Sweden,food,154353.93,404395.0,22.58,151926.91,737122.79
879,603,EuroTeleSites,ETS.VI,973896368,5.86243,Austria,tech,38953.22,116745.03,25.69,6091.55,85869.1
881,604,Newag,NWG.WA,966878393,21.4862,Poland,manufacturing,338713.34,537763.67,29.99,128900.88,876506.95
882,605,Samhï¿½llsbyggnadsbolaget i Norden,SBB-B.ST,966856643,0.516928,Sweden,real_estate,53447.27,152939.28,14.32,8504.94,175917.93
883,606,Asseco South Eastern Europe,ASE.WA,957346685,18448.0,Poland,services,37675.86,95683.49,25.61,3478.08,101664.14
884,607,Savencia Fromage & Dairy,SAVE.PA,955565596,73.1052,France,food,189727.25,402501.67,40.13,139324.03,583933.53
885,608,Montepino Logï¿½stica,MLMTP.PA,953971762,11.0942,Spain,financial,19814.11,53102.74,14.22,1681.75,68333.81
886,609,Mensch und Maschine,MUM.F,953211505,56.4639,Germany,tech,42121.96,123485.69,17.63,5066.6,89837.24
887,610,Caisse Rï¿½gionale de Crï¿½dit Agricole Mutuel Loire Haute-Loire,CRLO.PA,951203087,118533.0,France,bank,23997.82,116793.73,24.27,3530.07,80206.38
888,611,Crï¿½dit Agricole Mutuel de la Touraine et du Poitou,CRTO.PA,946262762,145673.0,France,bank,29921.27,105898.41,13.3,3025.98,84801.75
889,612,Renta 4 Banco,R4.MC,945690402,23.2395,Spain,financial,20335.12,77380.32,14.02,2239.14,51347.77
892,613,BKS Bank,BKS.VI,939492275,20.5535,Austria,bank,23054.85,115939.07,24.53,3681.88,95924.93
893,614,Rhï¿½n-Klinikum,RHK.DE,938061450,14.0138,Germany,healthcare,134025.65,208345.13,37.24,61357.35,542576.73
894,615,Paul Hartmann,PHH2.F,937397234,263926.0,Germany,manufacturing,323704.46,471655.42,44.62,153007.35,841008.81
895,616,SMA Solar Technology,S92.F,936895952,26.9999,Germany,energy,508127.41,820524.76,43.68,254030.02,837180.36
896,617,AT&amp,S Austria Technologie &amp  Systemtechnik ATS.VI,936882498,24.1154,Austria,tech,54198.74,130799.02,23.32,6309.44,93880.1
900,618,JOST Werke SE,JST.DE,904823080,60.7264,Germany,manufacturing,225948.27,596471.82,42.65,177384.35,821319.62
901,619,Frequentis,FQT.VI,902334531,67.9668,Austria,tech,45005.72,105239.63,24.84,4081.5,80472.62
902,620,MLP SE,MLP.DE,900741594,8.24477,Germany,financial,23986.75,50161.69,15.8,2138.36,43935.7
903,621,Grenke,GLJ.F,890471325,20.1565,Germany,financial,18494.58,75531.4,11.12,1907.27,46954.73
905,622,Aktia Bank,AKTIA.HE,887525740,12.1219,Finland,bank,29121.52,112796.03,18.85,3642.53,74660.03
906,623,Troax Group AB,TROAX.ST,886764490,14.8176,Sweden,manufacturing,338128.23,521326.74,32.04,147374.19,722210.3
907,624,Nï¿½rnberger Versicherung,NBG6.F,885222248,74.9737,Germany,insurance,26536.87,81046.32,12.89,2239.78,57943.41
909,625,Synergie SE,SDG.PA,883866238,38.6547,France,services,43210.91,120924.62,19.02,5192.15,111494.95
910,626,uniQure,QURE,882259776,16.08,Netherlands,biotech,75605.17,171978.21,23.04,22973.72,362576.34
914,627,Cancom,COK.F,874337390,27.6188,Germany,services,42708.06,128949.14,13.99,3882.67,72411.95
917,628,AmRest,EAT.MC,863994398,3.99393,Spain,food,162979.83,324317.19,40.57,96177.63,756043.13
918,629,Caisse rï¿½gionale de Crï¿½dit Agricole Mutuel d'Ille-et-Vilaine,CIV.PA,860594244,136634.0,France,bank,33357.53,95308.61,16.44,3495.1,64970.08
919,630,Deutsche Pfandbriefbank,PBB.DE,859019319,6.38795,Germany,bank,25596.12,105589.52,16.78,3758.34,59706.32
920,631,Inventiva,IVA,855219008,6.15,France,biotech,73987.72,177265.68,16.19,22907.53,252037.87
921,632,Logistea AB,LOGI-A.ST,855003849,1.65696,Sweden,real_estate,48730.76,115155.56,16.42,9098.75,123073.54
923,633,Manitou Group,MTU.PA,850887739,22.2352,France,manufacturing,275901.24,475986.88,21.04,172494.89,790641.81
924,634,DFDS A/S,DFDS.CO,850779941,15.7564,Denmark,transportation,301470.84,727284.03,51.06,99482.4,643202.9
925,635,GH Research,GHRS,850423104,13.71,Ireland,biotech,70578.42,192041.55,30.0,18838.43,286982.01
927,636,Piaggio,PIA.MI,844051556,2.36599,Italy,manufacturing,329714.76,591042.93,30.26,121707.58,662661.82
928,637,Agrana,AGR.VI,842868120,13.4883,Austria,food,216053.72,342080.56,34.03,151492.3,824978.57
930,638,Equasens,EQS.PA,818803208,53.7195,France,healthcare,103500.57,238115.34,19.42,47098.88,331872.46
932,639,Ascopiave,ASC.MI,805020076,3.70197,Italy,energy,397509.51,904543.82,52.62,255995.54,1259295.81
933,640,Scanfil,SCANFL.HE,803901814,12.3088,Finland,manufacturing,333333.61,539131.27,44.34,133992.47,772295.38
936,641,ENCE Energï¿½a y Celulosa,ENC.MC,798356766,3.29324,Spain,energy,587104.66,829002.5,56.06,238089.1,961808.2
937,642,Bï¿½nï¿½teau,BEN.PA,795400045,9.87971,France,manufacturing,254615.63,429253.75,43.85,141888.33,1001553.23
938,643,Sï¿½dwestdeutsche Salzwerke,SSH.F,791467667,75.3241,Germany,food,161227.61,459474.61,17.78,104899.17,777883.06
939,644,Burelle,BUR.PA,790208669,446105.0,France,financial,16176.74,75927.4,14.86,2071.71,56195.18
940,645,Nagarro,NA9.DE,790008589,59.7337,Germany,services,44870.97,81272.23,12.01,4772.68,83038.29
941,646,Tinexta,TNXT.MI,788362661,17.1085,Italy,services,32524.41,80947.58,22.95,4222.08,97406.35
942,647,Better Collective A/S,BETCO-DKK.CO,783737625,13.0104,Denmark,entertainment,90201.52,162485.75,28.28,32391.82,203156.35
943,648,Citycon,CTY1S.HE,780323684,4.25085,Finland,financial,21950.86,63309.31,19.62,2358.22,41137.63
944,649,2G Energy AG,2GB.DE,777267260,43.3259,Germany,manufacturing,233987.35,486401.41,22.85,146080.1,1054079.72
946,650,TomTom,TOM2.AS,770917784,6.23029,Netherlands,tech,57706.22,113911.29,16.58,6318.05,99634.76
947,651,CEWE,CWC.F,769985700,111877.0,Germany,tech,41147.53,141664.28,19.84,6139.55,107699.56
949,652,Groupe CRIT,CEN.PA,767753959,72.8717,France,services,38003.04,106139.21,18.68,3555.56,93405.22
950,653,Finnair,FIA1S.HE,767697231,3.74869,Finland,transportation,438159.11,986512.36,39.1,104590.97,732930.37
951,654,Audax Renovables,ADX.MC,767682507,1.70034,Spain,energy,569525.21,1078568.17,36.4,163572.31,1278412.72
952,655,Elior Group,ELIOR.PA,765832838,2.96859,France,food,179078.4,346340.88,39.94,125181.29,801682.67
953,656,Valneva SE,VALN,764034240,8.87,France,biotech,81081.13,205785.07,27.23,20219.97,401246.87
954,657,Archicom,ARH.WA,763720129,13.0559,Poland,real_estate,71321.16,118005.61,17.02,6560.96,148913.21
955,658,ï¿½landsbanken,ALBAV.HE,762646067,49.8657,Finland,bank,32309.81,100016.79,25.97,3000.41,87323.62
956,659,Patrizia Immobilien,P1Z.VI,762290752,8817.0,Germany,real_estate,68808.95,111783.51,27.46,8035.55,192151.86
958,660,Asseco Business Solutions,ABS.WA,749724076,22.7179,Poland,tech,57990.15,104060.43,11.53,4897.42,84464.83
959,661,Kri-Kri Milk Industry,KRI.AT,748720405,22.7023,Greece,food,159985.14,451908.25,23.7,119536.58,631583.71
962,662,Jastrzebska Spï¿½lka Weglowa,JSW.WA,730147330,6.21868,Poland,energy,520344.7,938872.29,56.53,230497.92,1307190.42
963,663,MARR S.p.A.,MARR.MI,727803100,11.3044,Italy,food,176419.44,346951.11,28.83,139917.55,730161.24
964,664,Caisse Rï¿½gionale de Crï¿½dit Agricole du Morbihan,CMO.PA,719596406,130795.0,France,bank,30511.21,87951.03,24.0,3166.97,89646.89
965,665,Mï¿½hlbauer Holding,MUB.DE,719285487,50.6832,Germany,tech,44358.92,112839.82,11.41,4602.53,82150.89
966,666,Energiekontor,EKT.DE,718027087,51.5006,Germany,energy,595061.17,1275445.62,39.54,220747.3,1363047.53
967,667,Mutares,MUX.DE,715515892,33.5163,Germany,financial,22410.31,58619.37,24.26,1631.06,53906.14
971,668,Bahnhof AB,3B7.F,707366001,6.45802,Sweden,tech,42265.86,138381.16,13.99,5756.96,90802.32
972,669,Aubay,AUB.PA,699992361,53.9531,France,services,43281.62,100585.74,20.16,3258.3,99490.93
973,670,Exmar,EXM.BR,699021038,11.9117,Belgium,energy,524431.87,1081673.41,39.12,245017.1,1311572.84
974,671,Atal S.A.,1AT.WA,697866264,16.1489,Poland,real_estate,47971.75,155146.35,31.19,10101.46,137694.18
975,672,Mersen,MRN.PA,693847374,28.2611,France,manufacturing,272079.83,548076.11,24.17,138757.51,987835.25
976,673,Stabilus,STM.DE,692280746,28.0276,Luxembourg,manufacturing,274771.78,493504.94,25.03,136476.65,783075.91
979,674,EuroGroup Laminations,EGLA.MI,688416156,4.23216,Italy,manufacturing,288061.88,405073.92,32.98,178510.95,656640.41
981,675,Gielda Papierï¿½w Wartosciowych w Warszawie,GPW.WA,677799661,16.1489,Poland,financial,18663.25,59698.55,21.33,1815.74,54810.12
982,676,Globe Trade Centre,GTC.WA,675869594,1.17695,Poland,real_estate,51625.59,114220.79,18.89,6494.34,148476.09
983,677,Jensen-Group,JEN.BR,675588577,71.4703,Belgium,manufacturing,267274.45,644190.69,21.23,147461.5,895023.13
984,678,Sygnity,SGN.WA,673675154,29.6975,Poland,services,42968.31,122090.9,13.39,3636.22,64849.29
985,679,Kaufman & Broad,KOF.PA,672183639,33925.0,France,real_estate,65986.23,162202.67,17.05,7534.45,194492.03
986,680,ADS-TEC Energy,ADSE,667132224,12165.0,Ireland,energy,544821.98,838159.97,58.96,196391.54,1017720.92
988,681,Abivax,ABVX,665080000,10.0,France,biotech,62927.36,205072.77,35.32,19732.01,379788.66
989,682,Indus Holding,INH.F,660035822,26.3342,Germany,financial,14986.58,64585.15,15.59,2172.94,64075.47
991,683,Tsakos Energy Navigation,TEN,656480448,21.79,Greece,energy,558770.01,1008290.46,32.05,173283.94,1384347.75
993,684,IDI,IDIP.PA,654946465,91.7903,France,financial,18768.55,65137.74,16.43,1865.68,56899.96
994,685,NRJ Group,NRG.PA,649228619,8.38491,France,entertainment,83865.79,248548.41,16.32,26357.31,319862.75
995,686,Immatics,IMTX,646699200,5.32,Germany,biotech,75376.79,158974.24,33.56,16055.85,413793.03
1001,687,Tokmanni,TOKMAN.HE,635686823,10.8315,Finland,retail,57338.49,140385.23,32.3,10058.97,227906.23
1002,688,adesso SE,ADN1.DE,635408490,99.2643,Germany,services,31975.41,91171.18,15.71,4289.45,96960.39
1003,689,NTG Nordic Transport Group A/S,NTG.CO,634930925,29.2284,Denmark,transportation,416320.88,705817.21,48.65,103525.4,625584.76
1004,690,ProCredit,PCZ.DE,634175128,10.7673,Germany,bank,22756.45,74535.91,21.39,3100.56,71195.5
1005,691,Quadient,QDT.PA,632219701,18.7551,France,tech,48217.05,139302.02,10.59,4312.23,87994.85
1006,692,eQ Oyj,EQV1V.HE,628627390,15.1816,Finland,financial,22792.39,50958.59,10.61,2168.75,52128.77
1007,693,SNP Schneider-Neureither & Partner,SHF.DE,628202418,86.1847,Germany,services,36894.02,82807.15,25.15,3543.87,102761.45
